Source,Tweet,Date,Compound Score,Positive Score,Neutral Score,Negative Score,Tweets Ago
@BBC,"The search for Lord Sugar's next business partner begins, and this year the challenges are bigger and better than e‚Ä¶ https://t.co/El1AyC5sXs",Wed Oct 03 19:04:04 +0000 2018,0.4939,0.181,0.819,0.0,1
@BBC,üéß‚ù§Ô∏è Dementia playlists are making such a big difference to these people.  https://t.co/ojVDVuP6to,Wed Oct 03 17:59:01 +0000 2018,0.0,0.0,1.0,0.0,2
@BBC,RT @BBCnireland: ‚úç @BBCApprentice is back tonight on @BBCOne so here are some tips to get you hired! - https://t.co/gc5KSIFQf1 https://t.co‚Ä¶,Wed Oct 03 17:03:42 +0000 2018,0.5411,0.149,0.851,0.0,3
@BBC,‚ù§Ô∏è Couples will soon be able to choose a civil partnership instead of a marriage thanks to Rebecca and Charles. https://t.co/nampxOV5ur,Wed Oct 03 16:55:01 +0000 2018,0.4404,0.132,0.868,0.0,4
@BBC,üçú The humble origins of an incredibly versatile food ‚Äì the potted history of instant noodles. https://t.co/3RMBZ33zFY,Wed Oct 03 15:58:03 +0000 2018,0.0,0.0,1.0,0.0,5
@BBC,"üåô 'Leonardo da Vinci was the first recorded person to realise what a crescent moon was.'

Nine out of this world fa‚Ä¶ https://t.co/cpzfOniwxA",Wed Oct 03 13:04:03 +0000 2018,0.0,0.0,1.0,0.0,6
@BBC,"That time @RyanGosling was training to be an astronaut and DEFINITELY WASN'T (was) sick. 
#TheGNShow https://t.co/mf8dnizxAV",Wed Oct 03 11:57:04 +0000 2018,0.7299,0.305,0.695,0.0,7
@BBC,"üï∫üéô 'Tom Daley was an Elvis impersonator - with his dad'

10 surprising things we learned from @TomDaley1994‚Äôs‚Ä¶ https://t.co/NGQAEEJWdl",Wed Oct 03 11:01:02 +0000 2018,0.2732,0.11,0.89,0.0,8
@BBC,"19-year-old rapper Kitch has a stutter when he speaks - but when he performs, it usually disappears. https://t.co/tVXhIeAwEg",Wed Oct 03 08:02:04 +0000 2018,-0.5574,0.0,0.753,0.247,9
@BBC,"RT @BBCRadio2: ü•ÅDrumroll please!ü•Å

Our brand new Breakfast Show host is @ZoeTheBall! üëè

https://t.co/th597DBxQI https://t.co/dbfQgMsuHO",Wed Oct 03 08:01:24 +0000 2018,0.0,0.0,1.0,0.0,10
@BBC,"üêß A zoo has been forced to fill its new penguin exhibit with models, as a shortage of birds means it is unable to g‚Ä¶ https://t.co/BmSAy8zQJP",Wed Oct 03 07:04:08 +0000 2018,-0.6124,0.0,0.815,0.185,11
@BBC,"""Oh, I'm so sorry,"" and other things not to say to amputees. 
(via @BBCThree) https://t.co/L8eiOleNyi",Wed Oct 03 06:08:02 +0000 2018,0.0,0.0,1.0,0.0,12
@BBC,"Discover the extraordinary story of how a small Scottish bank grew to briefly become the biggest in the world, befo‚Ä¶ https://t.co/OQpgOJ7edi",Tue Oct 02 19:02:07 +0000 2018,0.0,0.0,1.0,0.0,13
@BBC,Knife crime is up 22%. Who are the victims and what‚Äôs to blame? https://t.co/ZEAml31p9m,Tue Oct 02 17:55:03 +0000 2018,-0.802,0.0,0.573,0.427,14
@BBC,"The gender reveal party that sparked a massive 47,000 acre wildfire. 
üëâ https://t.co/b0Xc17AuK5 https://t.co/ROh8TOMH7K",Tue Oct 02 17:06:06 +0000 2018,0.4019,0.153,0.847,0.0,15
@BBC,"In 2002, Iberian Lynx were the rarest cats in the world. But then something remarkable happened... https://t.co/iEVCaSDvjN",Tue Oct 02 16:06:02 +0000 2018,0.7096,0.234,0.766,0.0,16
@BBC,Two scientists who discovered how to fight cancer using the body's immune system have won the 2018 #NobelPrize for‚Ä¶ https://t.co/fIj6Ly7Z3u,Tue Oct 02 14:06:04 +0000 2018,-0.2732,0.204,0.554,0.242,17
@BBC,"üç≤üòã A bowl of warm, hearty stew is always a welcome sight on a cold day.

From a classic beef stew to a vegetarian h‚Ä¶ https://t.co/1X1qdk14Oh",Tue Oct 02 13:05:03 +0000 2018,0.5994,0.205,0.795,0.0,18
@BBC,"Jodie Whittaker. New Doctor...and a 'Shat Lass'.
#TheGNShow #DoctorWho https://t.co/25HwEbjAfn",Tue Oct 02 12:05:04 +0000 2018,0.0,0.0,1.0,0.0,19
@BBC,"Donna Strickland has become the first woman to have won the #NobelPrize in Physics in 55 years. 
üëâ‚Ä¶ https://t.co/hGIojnR1W0",Tue Oct 02 10:47:27 +0000 2018,0.5719,0.171,0.829,0.0,20
@BBC,"The search for Lord Sugar's next business partner begins, and this year the challenges are bigger and better than e‚Ä¶ https://t.co/El1AyC5sXs",Wed Oct 03 19:04:04 +0000 2018,0.4939,0.181,0.819,0.0,21
@BBC,üéß‚ù§Ô∏è Dementia playlists are making such a big difference to these people.  https://t.co/ojVDVuP6to,Wed Oct 03 17:59:01 +0000 2018,0.0,0.0,1.0,0.0,22
@BBC,RT @BBCnireland: ‚úç @BBCApprentice is back tonight on @BBCOne so here are some tips to get you hired! - https://t.co/gc5KSIFQf1 https://t.co‚Ä¶,Wed Oct 03 17:03:42 +0000 2018,0.5411,0.149,0.851,0.0,23
@BBC,‚ù§Ô∏è Couples will soon be able to choose a civil partnership instead of a marriage thanks to Rebecca and Charles. https://t.co/nampxOV5ur,Wed Oct 03 16:55:01 +0000 2018,0.4404,0.132,0.868,0.0,24
@BBC,üçú The humble origins of an incredibly versatile food ‚Äì the potted history of instant noodles. https://t.co/3RMBZ33zFY,Wed Oct 03 15:58:03 +0000 2018,0.0,0.0,1.0,0.0,25
@BBC,"üåô 'Leonardo da Vinci was the first recorded person to realise what a crescent moon was.'

Nine out of this world fa‚Ä¶ https://t.co/cpzfOniwxA",Wed Oct 03 13:04:03 +0000 2018,0.0,0.0,1.0,0.0,26
@BBC,"That time @RyanGosling was training to be an astronaut and DEFINITELY WASN'T (was) sick. 
#TheGNShow https://t.co/mf8dnizxAV",Wed Oct 03 11:57:04 +0000 2018,0.7299,0.305,0.695,0.0,27
@BBC,"üï∫üéô 'Tom Daley was an Elvis impersonator - with his dad'

10 surprising things we learned from @TomDaley1994‚Äôs‚Ä¶ https://t.co/NGQAEEJWdl",Wed Oct 03 11:01:02 +0000 2018,0.2732,0.11,0.89,0.0,28
@BBC,"19-year-old rapper Kitch has a stutter when he speaks - but when he performs, it usually disappears. https://t.co/tVXhIeAwEg",Wed Oct 03 08:02:04 +0000 2018,-0.5574,0.0,0.753,0.247,29
@BBC,"RT @BBCRadio2: ü•ÅDrumroll please!ü•Å

Our brand new Breakfast Show host is @ZoeTheBall! üëè

https://t.co/th597DBxQI https://t.co/dbfQgMsuHO",Wed Oct 03 08:01:24 +0000 2018,0.0,0.0,1.0,0.0,30
@BBC,"üêß A zoo has been forced to fill its new penguin exhibit with models, as a shortage of birds means it is unable to g‚Ä¶ https://t.co/BmSAy8zQJP",Wed Oct 03 07:04:08 +0000 2018,-0.6124,0.0,0.815,0.185,31
@BBC,"""Oh, I'm so sorry,"" and other things not to say to amputees. 
(via @BBCThree) https://t.co/L8eiOleNyi",Wed Oct 03 06:08:02 +0000 2018,0.0,0.0,1.0,0.0,32
@BBC,"Discover the extraordinary story of how a small Scottish bank grew to briefly become the biggest in the world, befo‚Ä¶ https://t.co/OQpgOJ7edi",Tue Oct 02 19:02:07 +0000 2018,0.0,0.0,1.0,0.0,33
@BBC,Knife crime is up 22%. Who are the victims and what‚Äôs to blame? https://t.co/ZEAml31p9m,Tue Oct 02 17:55:03 +0000 2018,-0.802,0.0,0.573,0.427,34
@BBC,"The gender reveal party that sparked a massive 47,000 acre wildfire. 
üëâ https://t.co/b0Xc17AuK5 https://t.co/ROh8TOMH7K",Tue Oct 02 17:06:06 +0000 2018,0.4019,0.153,0.847,0.0,35
@BBC,"In 2002, Iberian Lynx were the rarest cats in the world. But then something remarkable happened... https://t.co/iEVCaSDvjN",Tue Oct 02 16:06:02 +0000 2018,0.7096,0.234,0.766,0.0,36
@BBC,Two scientists who discovered how to fight cancer using the body's immune system have won the 2018 #NobelPrize for‚Ä¶ https://t.co/fIj6Ly7Z3u,Tue Oct 02 14:06:04 +0000 2018,-0.2732,0.204,0.554,0.242,37
@BBC,"üç≤üòã A bowl of warm, hearty stew is always a welcome sight on a cold day.

From a classic beef stew to a vegetarian h‚Ä¶ https://t.co/1X1qdk14Oh",Tue Oct 02 13:05:03 +0000 2018,0.5994,0.205,0.795,0.0,38
@BBC,"Jodie Whittaker. New Doctor...and a 'Shat Lass'.
#TheGNShow #DoctorWho https://t.co/25HwEbjAfn",Tue Oct 02 12:05:04 +0000 2018,0.0,0.0,1.0,0.0,39
@BBC,"Donna Strickland has become the first woman to have won the #NobelPrize in Physics in 55 years. 
üëâ‚Ä¶ https://t.co/hGIojnR1W0",Tue Oct 02 10:47:27 +0000 2018,0.5719,0.171,0.829,0.0,40
@BBC,"RT @BBCSport: SPOTY is back - and there are some big changes.

The BBC Sports Personality of the Year 2018 contenders will be revealed on t‚Ä¶",Tue Oct 02 10:27:17 +0000 2018,0.0,0.0,1.0,0.0,41
@BBC,"‚ù§Ô∏èüíÉüèª Ballet is still the love of Joyce's life at 98-years-old! 
#WorldBalletDay https://t.co/nzr3Jy1wbS",Tue Oct 02 10:16:58 +0000 2018,0.6696,0.272,0.728,0.0,42
@BBC,"Over 300,000 marine animals are killed after becoming entangled in fishing gear every year. 
#DrowningInPlastic‚Ä¶ https://t.co/WmFqGMo8Es",Tue Oct 02 09:22:00 +0000 2018,-0.6705,0.0,0.769,0.231,43
@BBC,RT @bbccomedy: ‚ÄòThere She Goes‚Äô starring @JefficaHoons and David Tennant comes to @BBCFOUR on October 16th. https://t.co/tH37Wg5TBC,Tue Oct 02 09:10:44 +0000 2018,0.0,0.0,1.0,0.0,44
@BBC,"In January 1918, the Spanish flu swept the world and killed more people than WW1. 
#TheFluThatKilled50Million https://t.co/WinYKnWfSA",Tue Oct 02 08:00:09 +0000 2018,-0.7964,0.0,0.679,0.321,45
@BBC,"üëõ Do you know where your tips go? 

A guide to how tipping works in restaurants.
üëâ https://t.co/CNU4t3iogG https://t.co/7dcsckQwcG",Tue Oct 02 07:05:06 +0000 2018,0.0,0.0,1.0,0.0,46
@BBC,"More than half of the world's killer whales could be wiped out by man-made chemicals, scientists say.  https://t.co/w1SaxVchyO",Tue Oct 02 06:09:05 +0000 2018,-0.6486,0.0,0.798,0.202,47
@BBC,Wildlife biologist @LizBonnin visits scientists working at the cutting edge of plastics research. She works with le‚Ä¶ https://t.co/rSc4ZR9MEX,Mon Oct 01 19:00:01 +0000 2018,-0.128,0.0,0.919,0.081,48
@BBC,"A 19-year-old university student has described his photograph of a white fallow buck sneezing as a ""one-in-a-millio‚Ä¶ https://t.co/A1q3ZEIz2z",Mon Oct 01 17:16:04 +0000 2018,0.0,0.0,1.0,0.0,49
@BBC,"RT @BBCFood: ü•ï It's World Vegetarian Day and we're celebrating all things veggie. Whether you're looking for a quick lunch, a healthy trayb‚Ä¶",Mon Oct 01 16:05:44 +0000 2018,0.7506,0.252,0.748,0.0,50
@BBC,"RT @CBeebiesHQ: Cuddle up cheek to cheek!

Sharon D. Clarke is back for tonight's #BedtimeStory üò¥üìö

The biographical tale of Ella Fitzgeral‚Ä¶",Mon Oct 01 15:48:02 +0000 2018,0.0,0.0,1.0,0.0,51
@BBC,These scientists have found plastic in every area of the Arctic; there are about 225 trillion particles in the whol‚Ä¶ https://t.co/UoKtCXow1b,Mon Oct 01 15:00:02 +0000 2018,0.0,0.0,1.0,0.0,52
@BBC,"An Astrophysicist? A World Traveller? CEO of the British Library? üî≠üìöü§∑

Illustrator Sir Quentin Blake has reimagined‚Ä¶ https://t.co/PqXhCcoHH9",Mon Oct 01 14:01:07 +0000 2018,0.0,0.0,1.0,0.0,53
@BBC,"RT @bbcgetinspired: 'I'm a Muslim woman, I'm visually-impaired and I'm a boxer' ü•äü•ä #GetInspired 

https://t.co/zJorjZokVM",Mon Oct 01 13:04:26 +0000 2018,0.0,0.0,1.0,0.0,54
@BBC,"üé∂üåü@LadyGaga and Jodie Whittaker playing the #DoctorWho theme tune on the theremin is AMAZING. #TheGNShow

https://t.co/PEwaE9tzNH",Mon Oct 01 13:03:06 +0000 2018,0.7456,0.311,0.689,0.0,55
@BBC,"üòÇüòÉüòê Can you spot a fake laugh? 

Take this quiz to find out. üëâ https://t.co/LAFjV5ggf7 https://t.co/sFjlLRwzQK",Mon Oct 01 12:33:03 +0000 2018,0.128,0.159,0.705,0.137,56
@BBC,"Geoffrey Hayes, who hosted long-running children's TV show, Rainbow, has died aged 76.
üëâ https://t.co/10XDMpYCiz https://t.co/vPs5odJKqy",Mon Oct 01 12:08:21 +0000 2018,-0.5574,0.0,0.833,0.167,57
@BBC,"This Amazing Human uses coffee to give homeless people a second chance. ‚òïÔ∏èüíõ#InternationalCoffeeDay

https://t.co/wOc1ce2B3J",Mon Oct 01 11:03:02 +0000 2018,0.7003,0.345,0.655,0.0,58
@BBC,"Turns out it's *quite* difficult to keep a straight face while testing laughing gas...

https://t.co/nFlgKY7NuY",Mon Oct 01 10:03:06 +0000 2018,0.3818,0.274,0.591,0.134,59
@BBC,RT @BBCRadio4: We conducted the world's largest survey on loneliness and discovered that 16-24 year olds are the loneliest age group. Read‚Ä¶,Mon Oct 01 09:46:54 +0000 2018,-0.7351,0.0,0.763,0.237,60
@BBC,"We cannot WAIT for the new Doctor Who series! @bbcdoctorwho #TheGNShow

https://t.co/BkxpymO5Be",Mon Oct 01 09:04:02 +0000 2018,0.0,0.0,1.0,0.0,61
@BBC,"Start your Monday the right way. Watch Tom Hardy explain to a child why we should love all things equally. üíîüò≠

https://t.co/646n5wwjvL",Mon Oct 01 08:02:02 +0000 2018,0.7845,0.266,0.734,0.0,62
@BBC,Persistent chemical pollution threatens the future of killer whales. üíî https://t.co/wJJIQj8WLK https://t.co/saSP4leLjt,Mon Oct 01 07:32:01 +0000 2018,-0.875,0.0,0.5,0.5,63
@BBC,"Last year @higeorgeshelley's sister died in an accident. 

He opens up about grief and how to cope.

https://t.co/4SajjiJI6e",Mon Oct 01 07:03:05 +0000 2018,-0.872,0.0,0.602,0.398,64
@BBC,"RT @BBCOne: ‚ÄúI see women out with their babies walking around like it‚Äôs nothing‚Ä¶ I just want to yell out at them, ‚ÄúYou‚Äôre amazing!‚Äù @Jenna_‚Ä¶",Sun Sep 30 20:21:03 +0000 2018,0.4753,0.157,0.843,0.0,65
@BBC,RT @bbcstrictly: Wow. #Strictly Movie Week looks wand-erful! üßô‚Äç‚ôÇÔ∏è‚ú® https://t.co/3Iko29h06s,Sun Sep 30 19:39:53 +0000 2018,0.6239,0.313,0.687,0.0,66
@BBC,"A mother‚Äôs life disintegrates while the world looks on. 

#TheCry | 9pm | @BBCOne | https://t.co/hDRdVsMamq https://t.co/2SrLnoKGLi",Sun Sep 30 19:03:02 +0000 2018,0.0,0.0,1.0,0.0,67
@BBC,Tonight it's the first @BBCStrictly results show! Find out which couples have made it through and which two will be‚Ä¶ https://t.co/vytPpS8tTl,Sun Sep 30 17:16:03 +0000 2018,0.0,0.0,1.0,0.0,68
@BBC,"RT @BBCOne: #TheCry ""is the perfect replacement for #Bodyguard, a twisting, turning whodunit that leaves you questioning everybody."" The Te‚Ä¶",Sun Sep 30 16:22:42 +0000 2018,0.5106,0.167,0.769,0.063,69
@BBC,"RT @BBCOne: To mark 30 years in music, we‚Äôre making a @takethat documentary special and WE NEED YOU! 

Head to https://t.co/WiKSYB8coP to s‚Ä¶",Sun Sep 30 16:22:25 +0000 2018,0.4574,0.125,0.875,0.0,70
@BBC,"üï∫‚ú® @Joe_Sugg says he worried that he was the 'joke act' in this year's #Strictly. 

https://t.co/FmKBnEJeoX https://t.co/O1GfHHBJud",Sun Sep 30 16:01:09 +0000 2018,0.0,0.113,0.773,0.113,71
@BBC,"This is the incredible story of how London dug the Victoria Line! üöá

https://t.co/F8MsetBclS",Sun Sep 30 15:03:03 +0000 2018,0.0,0.0,1.0,0.0,72
@BBC,"In Japan, 'aki no koe' refers to autumn's voice, which incorporates all the sounds of the season: the wind rustling‚Ä¶ https://t.co/2fynWfK1Wu",Sun Sep 30 14:02:04 +0000 2018,-0.296,0.0,0.901,0.099,73
@BBC,"""Dyslexia tries to kick my butt daily - but I won't let it beat me"". 

https://t.co/EmtRJC2V5G",Sun Sep 30 13:06:04 +0000 2018,0.0,0.0,1.0,0.0,74
@BBC,Kanye West is changing his name... to Ye. https://t.co/TMRrrzJuKX https://t.co/0ZkgnEbFkA,Sun Sep 30 12:44:04 +0000 2018,0.0,0.0,1.0,0.0,75
@BBC,The lush green mosses of East Antarctica are finally succumbing to climate change. üíî https://t.co/z7j8jcx6TO https://t.co/r7C9gypVhC,Sun Sep 30 12:31:04 +0000 2018,-0.4767,0.0,0.838,0.162,76
@BBC,"Going on a night out can be challenging when you're a wheelchair user. 

https://t.co/YvvQ1SnosW",Sun Sep 30 11:02:01 +0000 2018,0.1531,0.127,0.873,0.0,77
@BBC,"This is disgusting. üòî

The Citarum River in Indonesia is one of the dirtiest rivers in the world. 

Plastic polluti‚Ä¶ https://t.co/F6z2NpXseT",Sun Sep 30 10:00:00 +0000 2018,-0.7579,0.048,0.701,0.251,78
@BBC,"üêª Say hello to Kyra the sun bear... 

https://t.co/UvDxsG3QO1",Sun Sep 30 09:04:02 +0000 2018,0.0,0.0,1.0,0.0,79
@BBC,RT @BBCWorld: Indonesia quake death toll 'at least 832' https://t.co/1VCcXxRrR4,Sun Sep 30 08:30:16 +0000 2018,-0.5994,0.0,0.698,0.302,80
@BBC,"For children with autism, the stress of taking photos can be overwhelming. To make things easier, eight-year-old Le‚Ä¶ https://t.co/U3hpweRK0D",Sun Sep 30 07:31:05 +0000 2018,0.0,0.124,0.752,0.124,81
@BBC,"This. Is. Amazing. üòÆ

Introducing the World Pole Climbing Championships...

https://t.co/osulkhFFhQ",Sun Sep 30 07:04:02 +0000 2018,0.5859,0.226,0.774,0.0,82
@BBC,Chile has launched a huge hiking route through its Patagonian wilderness. üå≤üòçüèî  https://t.co/WFIcKZe5Hv https://t.co/RLKjTx2Emo,Sat Sep 29 20:32:03 +0000 2018,0.4215,0.257,0.743,0.0,83
@BBC,üê£üòç Conservationists have been monitoring the progress of rare Leach's storm petrel chicks on the remote Scottish ar‚Ä¶ https://t.co/KzMHUIysAO,Sat Sep 29 17:02:12 +0000 2018,0.4215,0.135,0.865,0.0,84
@BBC,"'My children bought back the car I sold to pay for wife's cancer treatment'. ‚ù§Ô∏èÔ∏èüöò

https://t.co/xOJwzbgGlE https://t.co/Tx3WYCkCXu",Sat Sep 29 16:01:07 +0000 2018,-0.7003,0.0,0.707,0.293,85
@BBC,"RT @BBCEngland: Benny the beluga whale is spending his fifth day in the Thames but appears to be healthy and swimming normally, the Port of‚Ä¶",Sat Sep 29 15:54:38 +0000 2018,0.5499,0.129,0.871,0.0,86
@BBC,"Always start by playing paper! üëä‚úã‚úåÔ∏è

This is how to win at rock-paper-scissors... 

https://t.co/2VzUFq74FT",Sat Sep 29 15:02:04 +0000 2018,0.7088,0.329,0.671,0.0,87
@BBC,"'What do I know her from again?' ü§îüì∫

These are the TV actors who pop up in everything. https://t.co/XLQBs5bE5p https://t.co/DJWV8U3OhY",Sat Sep 29 14:03:07 +0000 2018,0.0,0.0,1.0,0.0,88
@BBC,"This is the world's most dangerous city to be a woman. 

https://t.co/v1qrWFF6B6",Sat Sep 29 13:01:07 +0000 2018,-0.5256,0.0,0.747,0.253,89
@BBC,"""New York City is underwhelming"". üò≥üò≥üò≥
 
#UnpopularOpinion was HARSH this week. üòÇ @gregjames

https://t.co/pSz5eP8YbR",Sat Sep 29 11:03:02 +0000 2018,-0.186,0.156,0.616,0.227,90
@BBC,"What's it like growing up with tourettes?

Brother and sister Jack and Rebecca describe how people react to their t‚Ä¶ https://t.co/VXY3jdCbEu",Sat Sep 29 10:03:05 +0000 2018,0.4939,0.181,0.819,0.0,91
@BBC,"This school became a national leader by focusing on a neglected subject... 

https://t.co/5c7iSPT3rc",Sat Sep 29 09:01:02 +0000 2018,-0.5267,0.0,0.746,0.254,92
@BBC,RT @BBCOne: .@LadyGaga &amp; Jodie Whittaker playing the #DoctorWho theme tune on the theremin is a joy to behold. #TheGNShow https://t.co/0aLu‚Ä¶,Sat Sep 29 08:11:46 +0000 2018,0.6808,0.237,0.763,0.0,93
@BBC,"""I've broken around 80 bones"". üò¨üè•

Meet the man who can't feel pain. üëâ https://t.co/6qsfeQmIct https://t.co/6jXkhYCTza",Sat Sep 29 08:05:03 +0000 2018,-0.1022,0.118,0.746,0.136,94
@BBC,"Say hello to baby Omo, a rare albino squirrel... üòçüêøÔ∏è

https://t.co/FVppFQSOJw",Sat Sep 29 07:03:06 +0000 2018,0.0,0.0,1.0,0.0,95
@BBC,"Over the last 50 years, the flesh-footed shearwater population has dropped by 30%.

Plastic is a major cause of the‚Ä¶ https://t.co/827iYwzryJ",Sat Sep 29 06:31:00 +0000 2018,0.0,0.0,1.0,0.0,96
@BBC,"The Graham Norton Show is back! Tonight Bradley Cooper, @ladygaga, Jodie Whittaker and @ryangosling join @grahnort‚Ä¶ https://t.co/prBbKLrkaO",Fri Sep 28 20:31:03 +0000 2018,0.3595,0.135,0.865,0.0,97
@BBC,"It's the Celebrity MasterChef final! After six gruelling weeks, just two tough challenges stand between the three r‚Ä¶ https://t.co/mLCixMGG8v",Fri Sep 28 18:32:03 +0000 2018,-0.126,0.065,0.846,0.089,98
@BBC,"Science has confirmed: cats are nice. üòª

https://t.co/nTtAUxYl6v https://t.co/kI8XYPICjA",Fri Sep 28 16:03:07 +0000 2018,0.7003,0.345,0.655,0.0,99
@BBC,"üòÆüêô You need to watch this seal slap a man with an octopus... 

https://t.co/Njn1fsWeXX",Fri Sep 28 15:01:02 +0000 2018,0.1531,0.118,0.882,0.0,100
@CBS,".@CrimMinds_CBS returns tonight for its 300th episode. In honor of the milestone season premiere, the cast has a me‚Ä¶ https://t.co/o9aKkBKKtw",Wed Oct 03 19:35:31 +0000 2018,0.4939,0.151,0.849,0.0,1
@CBS,".@wayansjr debuted his perfect impression of his father on @colbertlateshow but everybody, be cool, and don't tell‚Ä¶ https://t.co/MWa9UNOORj",Wed Oct 03 17:05:20 +0000 2018,0.6956,0.31,0.69,0.0,2
@CBS,RT @CBSAllAccess: It's a great day to be a fan of #TheTwilightZone! We're celebrating the 59th anniversary of the classic series AND the of‚Ä¶,Tue Oct 02 21:25:29 +0000 2018,0.8858,0.354,0.646,0.0,3
@CBS,"‚ö°Ô∏è ‚ÄúHappy Together Premieres on CBS‚Äù

https://t.co/W7IvELcMcw",Tue Oct 02 18:36:26 +0000 2018,0.0,0.0,1.0,0.0,4
@CBS,"@miamicah We don't know for sure about that, but we are sure that you should be some sort of TV detective. üôÇ https://t.co/uW5aSn7jlO",Tue Oct 02 17:52:53 +0000 2018,0.1622,0.121,0.746,0.133,5
@CBS,"‚ö°Ô∏è ‚ÄúThe Neighborhood Premieres on CBS‚Äù

https://t.co/R72l342BFE",Tue Oct 02 16:49:34 +0000 2018,0.0,0.0,1.0,0.0,6
@CBS,"RT @startrekcbs: Discover the next adventure of #StarTrekDiscovery January 2019, and catch #Starfleet at @NY_Comic_Con THIS Saturday. https‚Ä¶",Tue Oct 02 02:42:23 +0000 2018,0.3182,0.119,0.881,0.0,7
@CBS,The stars of @TheNeighborhood and @happytogether celebrated their shows' premieres on CBS tonight with a good old f‚Ä¶ https://t.co/fu9SJzv7hZ,Tue Oct 02 01:10:54 +0000 2018,0.765,0.292,0.708,0.0,8
@CBS,"RT @TheNeighborhood: It's almost time! Our live Q&amp;A with the casts of #TheNeighborhood &amp; #HappyTogether is starting at 8pm ET/ 5pm PT. 

Se‚Ä¶",Tue Oct 02 00:01:07 +0000 2018,0.0,0.0,1.0,0.0,9
@CBS,Head over to the CBS Facebook page now for the #FacebookLive with @happytogether‚Äôs @wayansjr and @TheNeighborhood‚Äôs‚Ä¶ https://t.co/37QOrVA1sh,Mon Oct 01 21:56:03 +0000 2018,0.0,0.0,1.0,0.0,10
@CBS,Join @happytogether's @wayansjr and @TheNeighborhood's @iamgreenfield for a Facebook Live TODAY at 5:45p ET/2:45 PT‚Ä¶ https://t.co/klrx7cA41H,Mon Oct 01 16:33:11 +0000 2018,0.296,0.136,0.864,0.0,11
@CBS,"Due to #NFL football game overrun, #CBS Sunday lineup is delayed in East/Central time zones ONLY. New start times:‚Ä¶ https://t.co/zmEn7CVlUi",Sun Sep 30 23:51:26 +0000 2018,-0.2263,0.0,0.909,0.091,12
@CBS,The cast of @GodFriendedMe answers some heavenly questions about social media before the show premieres tonight aft‚Ä¶ https://t.co/61Tx2GTn35,Sun Sep 30 17:00:00 +0000 2018,0.6124,0.19,0.81,0.0,13
@CBS,RT @CBSAllAccess: Stream NFL on CBS LIVE today starting at 1pm ET on CBS All Access! üèà https://t.co/vsod8jYeZl https://t.co/UBp3R4UCAd,Sun Sep 30 14:34:18 +0000 2018,0.0,0.0,1.0,0.0,14
@CBS,"On @colbertlateshow, @TheNeighborhood's @CedEntertainer and Stephen recall the first time they met on a night when‚Ä¶ https://t.co/vjz1zVg4sR",Fri Sep 28 22:22:01 +0000 2018,0.0,0.0,1.0,0.0,15
@CBS,".@happytogether's @wayansjr, @HereIsGina &amp; @latelateshow discuss the pros and cons of living with a pop star. Con:‚Ä¶ https://t.co/PLXFxfheW7",Fri Sep 28 20:16:14 +0000 2018,0.0,0.0,1.0,0.0,16
@CBS,"If you haven't seen @SEALTeamCBS, make it your mission to know them before the #SEALTeam Season 2 premiere October‚Ä¶ https://t.co/NhCPI3lZSV",Fri Sep 28 17:52:41 +0000 2018,0.0,0.0,1.0,0.0,17
@CBS,"‚ö°Ô∏è ‚ÄúMurphy Brown Returns to CBS‚Äù

https://t.co/3vsAg7WcB1",Fri Sep 28 16:51:50 +0000 2018,0.0,0.0,1.0,0.0,18
@CBS,.@TheNeighborhood's @iamgreenfield revealing his Fiddler on the Roof goals on @latelateshow will be the earworm you‚Ä¶ https://t.co/swbh8HPwA1,Thu Sep 27 20:19:18 +0000 2018,0.0,0.0,1.0,0.0,19
@CBS,RT @MurphyBrownCBS: A moment 20 years in the making all comes down to this. #MurphyBrown returns to @CBS tonight! https://t.co/tWSMFM3YbG,Thu Sep 27 20:01:53 +0000 2018,0.0,0.0,1.0,0.0,20
@CBS,".@CrimMinds_CBS returns tonight for its 300th episode. In honor of the milestone season premiere, the cast has a me‚Ä¶ https://t.co/o9aKkBKKtw",Wed Oct 03 19:35:31 +0000 2018,0.4939,0.151,0.849,0.0,21
@CBS,".@wayansjr debuted his perfect impression of his father on @colbertlateshow but everybody, be cool, and don't tell‚Ä¶ https://t.co/MWa9UNOORj",Wed Oct 03 17:05:20 +0000 2018,0.6956,0.31,0.69,0.0,22
@CBS,RT @CBSAllAccess: It's a great day to be a fan of #TheTwilightZone! We're celebrating the 59th anniversary of the classic series AND the of‚Ä¶,Tue Oct 02 21:25:29 +0000 2018,0.8858,0.354,0.646,0.0,23
@CBS,"‚ö°Ô∏è ‚ÄúHappy Together Premieres on CBS‚Äù

https://t.co/W7IvELcMcw",Tue Oct 02 18:36:26 +0000 2018,0.0,0.0,1.0,0.0,24
@CBS,"@miamicah We don't know for sure about that, but we are sure that you should be some sort of TV detective. üôÇ https://t.co/uW5aSn7jlO",Tue Oct 02 17:52:53 +0000 2018,0.1622,0.121,0.746,0.133,25
@CBS,"‚ö°Ô∏è ‚ÄúThe Neighborhood Premieres on CBS‚Äù

https://t.co/R72l342BFE",Tue Oct 02 16:49:34 +0000 2018,0.0,0.0,1.0,0.0,26
@CBS,"RT @startrekcbs: Discover the next adventure of #StarTrekDiscovery January 2019, and catch #Starfleet at @NY_Comic_Con THIS Saturday. https‚Ä¶",Tue Oct 02 02:42:23 +0000 2018,0.3182,0.119,0.881,0.0,27
@CBS,The stars of @TheNeighborhood and @happytogether celebrated their shows' premieres on CBS tonight with a good old f‚Ä¶ https://t.co/fu9SJzv7hZ,Tue Oct 02 01:10:54 +0000 2018,0.765,0.292,0.708,0.0,28
@CBS,"RT @TheNeighborhood: It's almost time! Our live Q&amp;A with the casts of #TheNeighborhood &amp; #HappyTogether is starting at 8pm ET/ 5pm PT. 

Se‚Ä¶",Tue Oct 02 00:01:07 +0000 2018,0.0,0.0,1.0,0.0,29
@CBS,Head over to the CBS Facebook page now for the #FacebookLive with @happytogether‚Äôs @wayansjr and @TheNeighborhood‚Äôs‚Ä¶ https://t.co/37QOrVA1sh,Mon Oct 01 21:56:03 +0000 2018,0.0,0.0,1.0,0.0,30
@CBS,Join @happytogether's @wayansjr and @TheNeighborhood's @iamgreenfield for a Facebook Live TODAY at 5:45p ET/2:45 PT‚Ä¶ https://t.co/klrx7cA41H,Mon Oct 01 16:33:11 +0000 2018,0.296,0.136,0.864,0.0,31
@CBS,"Due to #NFL football game overrun, #CBS Sunday lineup is delayed in East/Central time zones ONLY. New start times:‚Ä¶ https://t.co/zmEn7CVlUi",Sun Sep 30 23:51:26 +0000 2018,-0.2263,0.0,0.909,0.091,32
@CBS,The cast of @GodFriendedMe answers some heavenly questions about social media before the show premieres tonight aft‚Ä¶ https://t.co/61Tx2GTn35,Sun Sep 30 17:00:00 +0000 2018,0.6124,0.19,0.81,0.0,33
@CBS,RT @CBSAllAccess: Stream NFL on CBS LIVE today starting at 1pm ET on CBS All Access! üèà https://t.co/vsod8jYeZl https://t.co/UBp3R4UCAd,Sun Sep 30 14:34:18 +0000 2018,0.0,0.0,1.0,0.0,34
@CBS,"On @colbertlateshow, @TheNeighborhood's @CedEntertainer and Stephen recall the first time they met on a night when‚Ä¶ https://t.co/vjz1zVg4sR",Fri Sep 28 22:22:01 +0000 2018,0.0,0.0,1.0,0.0,35
@CBS,".@happytogether's @wayansjr, @HereIsGina &amp; @latelateshow discuss the pros and cons of living with a pop star. Con:‚Ä¶ https://t.co/PLXFxfheW7",Fri Sep 28 20:16:14 +0000 2018,0.0,0.0,1.0,0.0,36
@CBS,"If you haven't seen @SEALTeamCBS, make it your mission to know them before the #SEALTeam Season 2 premiere October‚Ä¶ https://t.co/NhCPI3lZSV",Fri Sep 28 17:52:41 +0000 2018,0.0,0.0,1.0,0.0,37
@CBS,"‚ö°Ô∏è ‚ÄúMurphy Brown Returns to CBS‚Äù

https://t.co/3vsAg7WcB1",Fri Sep 28 16:51:50 +0000 2018,0.0,0.0,1.0,0.0,38
@CBS,.@TheNeighborhood's @iamgreenfield revealing his Fiddler on the Roof goals on @latelateshow will be the earworm you‚Ä¶ https://t.co/swbh8HPwA1,Thu Sep 27 20:19:18 +0000 2018,0.0,0.0,1.0,0.0,39
@CBS,RT @MurphyBrownCBS: A moment 20 years in the making all comes down to this. #MurphyBrown returns to @CBS tonight! https://t.co/tWSMFM3YbG,Thu Sep 27 20:01:53 +0000 2018,0.0,0.0,1.0,0.0,40
@CBS,"Candice Bergen tells @colbertlateshow the presidential way tonight's @MurphyBrownCBS premiere imitates life, albeit‚Ä¶ https://t.co/4Kbk8gt6nS",Thu Sep 27 17:19:16 +0000 2018,0.0,0.0,1.0,0.0,41
@CBS,@marlagardner222 @jay_hernandez Good idea. The theme song is a dead giveaway. üòâ,Thu Sep 27 16:58:08 +0000 2018,-0.34,0.169,0.581,0.25,42
@CBS,@queenmama7777 @CBSAllAccess We believe in you! https://t.co/ZK0xaPRxVr,Thu Sep 27 00:44:13 +0000 2018,0.0,0.0,1.0,0.0,43
@CBS,@BSkyjackcity @jokersupdates @CBSAllAccess On it. https://t.co/yxKX9ry7fw,Thu Sep 27 00:42:15 +0000 2018,0.0,0.0,1.0,0.0,44
@CBS,Sixteen houseguests entered and now it's down to the Final 3. Don't miss a second of the 90-minute #BB20Finale toni‚Ä¶ https://t.co/KwDHR9Hfqu,Wed Sep 26 21:49:27 +0000 2018,0.1139,0.071,0.929,0.0,45
@CBS,"The tribe has spoken, and they do a pretty decent @JeffProbst impression just in time for the @survivorcbs Season P‚Ä¶ https://t.co/2Ps8VKblay",Wed Sep 26 19:57:54 +0000 2018,0.6249,0.221,0.779,0.0,46
@CBS,"‚ö°Ô∏è ‚ÄúFBI Premieres on CBS‚Äù

https://t.co/faL6iHZc5g",Wed Sep 26 17:25:43 +0000 2018,0.0,0.0,1.0,0.0,47
@CBS,"RT @CBSAllAccess: A night of crime dramas?! Oh yes. üôå Stream @NCIS_CBS, @FBICBS &amp; @NCISNewOrleans starting at 8/7c on CBS All Access: https‚Ä¶",Tue Sep 25 21:10:56 +0000 2018,-0.2714,0.098,0.764,0.138,48
@CBS,"Before @FBICBS premieres tonight, @mperegrym stopped by @CBSThisMorning to talk about her role as an FBI agent in t‚Ä¶ https://t.co/CPVki4Hv8y",Tue Sep 25 20:31:45 +0000 2018,-0.2263,0.0,0.909,0.091,49
@CBS,RT @CBSAllAccess: üö® @PatrickBrammall. Tim Meadows. @jessicaalba. @iamgreenfield. @AHWAmySedaris. @ChrisGethard. @JoeManganiello. AND SO MAN‚Ä¶,Tue Sep 25 19:54:26 +0000 2018,0.0,0.0,1.0,0.0,50
@CBS,RT @bigbangtheory: Happy #NationalComicBookDay from Sheldon and his many shirts! How are you sporting your favorite superhero today? #BigBa‚Ä¶,Tue Sep 25 19:45:33 +0000 2018,0.7901,0.291,0.709,0.0,51
@CBS,"‚ö°Ô∏è ‚ÄúMagnum P.I. Premieres on CBS‚Äù

https://t.co/UtbQlcDG8S",Tue Sep 25 18:34:26 +0000 2018,0.0,0.0,1.0,0.0,52
@CBS,".@jay_hernandez went on @latelateshow to talk about @MagnumPICBS, but he may have gotten @TiffanyHaddish as a surf‚Ä¶ https://t.co/a3acRu10aw",Tue Sep 25 18:05:31 +0000 2018,0.0,0.0,1.0,0.0,53
@CBS,"RT @60Minutes: 60 Minutes turns 50 today. Tick, tick, tick ... https://t.co/3CVKEs9J7F",Mon Sep 24 18:56:15 +0000 2018,0.0,0.0,1.0,0.0,54
@CBS,"Due to #NFL football game overrun, #CBS Sunday lineup is delayed in ATL, Indy, NOLA, Kansas City, NYC, Philly, Prov‚Ä¶ https://t.co/fejqoxtvSY",Sun Sep 23 23:24:03 +0000 2018,-0.2263,0.0,0.913,0.087,55
@CBS,Kick off your Sunday with @NFL on CBS. Catch your local games live on CBS and @CBSAllAccess. üèàüì∫‚Ä¶ https://t.co/kbo7N27mY9,Sun Sep 23 14:00:00 +0000 2018,0.0,0.0,1.0,0.0,56
@CBS,"How does $100,000 sound? Because someone is going to win all that tonight on the @TKOCBS Battle Royale finale at 9p‚Ä¶ https://t.co/JEuUZ2QlQh",Fri Sep 21 19:18:00 +0000 2018,0.296,0.144,0.758,0.098,57
@CBS,@colbertlateshow @IainLoveTheatre @IainLoveTheatre made a compelling argument. We'll get back to you. üòâ,Fri Sep 21 17:46:26 +0000 2018,-0.1531,0.123,0.714,0.162,58
@CBS,"Now that @bigbangtheory is entering its last season, Kaley Cuoco admits to @latelateshow she's over the show's noto‚Ä¶ https://t.co/xvhlMWBhSX",Thu Sep 20 23:17:19 +0000 2018,0.296,0.109,0.891,0.0,59
@CBS,RT @HawaiiFive0CBS: It‚Äôs the big Five-0! üéâ üåä #H50 premiered on this day in 1968! Celebrate 50 years of Hawaii Five-0 with every season of b‚Ä¶,Thu Sep 20 21:38:21 +0000 2018,0.7896,0.212,0.788,0.0,60
@CBS,RT @JordanPeele: üì∫üåÄ https://t.co/CygbVi4JFC,Thu Sep 20 16:47:26 +0000 2018,0.0,0.0,1.0,0.0,61
@CBS,The @latelateshow and @JKCorden will never be good enough for @henrygolding's crazy rich mom.‚Ä¶ https://t.co/xVmH5Iyfvs,Wed Sep 19 19:07:37 +0000 2018,-0.0531,0.176,0.588,0.236,62
@CBS,RT @CBSThisMorning: Imagine receiving a digital friend request from someone claiming to be God. What would you do? The new @CBS drama @GodF‚Ä¶,Tue Sep 18 17:04:20 +0000 2018,0.6486,0.209,0.791,0.0,63
@CBS,"RT @PriceIsRight: We're thrilled to be back with all new, fun, and exciting shows!!  We hope to give you another award winning season! HERE‚Ä¶",Mon Sep 17 22:01:52 +0000 2018,0.9642,0.527,0.473,0.0,64
@CBS,RT @SalvationCBS: X marks the spot on the heart-stopping season finale of #SalvationCBS tonight at 9/8c on CBS &amp; CBS All Access: https://t.‚Ä¶,Mon Sep 17 21:41:20 +0000 2018,0.0,0.0,1.0,0.0,65
@CBS,Waiting for tonight's @Elementary_CBS season finale like https://t.co/Ou8342vGT9,Mon Sep 17 19:18:37 +0000 2018,0.3612,0.263,0.737,0.0,66
@CBS,"Due to an NFL overrun, the CBS Sunday lineup is delayed in the East/Central cities ONLY. New start times:‚Ä¶ https://t.co/IypoJ0l16P",Sun Sep 16 23:48:59 +0000 2018,-0.2263,0.0,0.909,0.091,67
@CBS,RT @CBSAllAccess: Sundays were made for NFL on CBS. üèàüíØ Stream NFL on CBS All Access live today: https://t.co/vsod8jGE7N https://t.co/co2528‚Ä¶,Sun Sep 16 14:33:46 +0000 2018,0.0,0.0,1.0,0.0,68
@CBS,"What happens when a PTA mom steals nearly $100,000 from her daughter's school? Don't miss the #PinkCollarCrimes sea‚Ä¶ https://t.co/Gjiy0pByaE",Sat Sep 15 16:00:01 +0000 2018,-0.4322,0.07,0.771,0.159,69
@CBS,"RT @CBSAllAccess: No internet, no problem. You can now download and play your favorite shows on CBS All Access! üôå Learn how: https://t.co/y‚Ä¶",Fri Sep 14 18:22:59 +0000 2018,-0.2481,0.17,0.598,0.233,70
@CBS,@PlaggemeyLee Mac's putting something together. üòâ https://t.co/6ww5HlV6Bx,Thu Sep 13 20:52:06 +0000 2018,0.0,0.0,1.0,0.0,71
@CBS,This just in... https://t.co/QG3OYF6Rfv,Thu Sep 13 20:28:06 +0000 2018,0.0,0.0,1.0,0.0,72
@CBS,RT @CBSAllAccess: Get excited! Stream original #MurphyBrown episodes for a limited time on CBS All Access before the @MurphyBrownCBS reviva‚Ä¶,Thu Sep 13 18:06:49 +0000 2018,0.4753,0.218,0.699,0.083,73
@CBS,"This just in! The 54th #ACMawards will air LIVE from Las Vegas on Sunday, April 7, 2019 at 8/7c on CBS and‚Ä¶ https://t.co/Q9e7qxe26l",Mon Sep 10 17:06:16 +0000 2018,0.0,0.0,1.0,0.0,74
@CBS,"Due to an NFL overrun, CBS is delayed 17 mins in the following markets: Kansas City, Miami, Tampa, NOLA, New York,‚Ä¶ https://t.co/9eXZ9mA1Xb",Sun Sep 09 23:36:09 +0000 2018,-0.2263,0.0,0.917,0.083,75
@CBS,Are you ready for some football? üèà Stream your favorite NFL games LIVE on #CBSAllAccess today:‚Ä¶ https://t.co/eHt8guHoyv,Sun Sep 09 14:00:00 +0000 2018,0.6705,0.256,0.744,0.0,76
@CBS,An unforgettable night of inspiring stories and performances highlighting the 10 years of impact #StandUpToCancer c‚Ä¶ https://t.co/8bp2XNKwfH,Sat Sep 08 16:20:43 +0000 2018,0.4215,0.149,0.851,0.0,77
@CBS,The star-studded event is about to begin! Tune in now to watch #StandUpToCancer on CBS and @cbsallaccess. https://t.co/cD8TJuQBog,Sat Sep 08 00:00:00 +0000 2018,0.0,0.0,1.0,0.0,78
@CBS,"RT @cbsallaccess: Join #TellMeAStory's @daniellemcam, @BillyMagnussen &amp; Dorian Missick by standing up to cancer! Watch @SU2C tonight at 8/7‚Ä¶",Fri Sep 07 23:15:09 +0000 2018,-0.5411,0.092,0.712,0.196,79
@CBS,Tune in to a first-of-its-kind digital live show as lead up to @SU2C‚Äôs televised event tonight! The show will featu‚Ä¶ https://t.co/hIVaLAXYmR,Fri Sep 07 21:50:51 +0000 2018,0.0,0.0,1.0,0.0,80
@CBS,Hollywood legend Burt Reynolds has passed away at the age of 82. He will be missed. https://t.co/HSmcJ9X9iC,Thu Sep 06 22:10:49 +0000 2018,-0.296,0.0,0.879,0.121,81
@CBS,Here are @FBICBS‚Äô @JeremySisto and @EboneeReigne with a powerful message before #StandUpToCancer airs tomorrow! https://t.co/OCqh91N1OO,Thu Sep 06 19:00:01 +0000 2018,0.4753,0.192,0.808,0.0,82
@CBS,Here's everything you need to know before tuning into #StandUpToCancer this Friday at 8/7c: https://t.co/IT9ht84TZ1 https://t.co/OK4AOxw5mP,Wed Sep 05 21:00:00 +0000 2018,0.0,0.0,1.0,0.0,83
@CBS,Survivor host @JeffProbst is here to break down the theme of #Survivor: David vs. Goliath before the new season beg‚Ä¶ https://t.co/8TcA200eFQ,Wed Sep 05 17:32:40 +0000 2018,0.3612,0.111,0.889,0.0,84
@CBS,"Thanks, @StephenAtHome. 
P.S. Nice beard. #LSSC https://t.co/wppVtfR9cL",Wed Sep 05 16:48:09 +0000 2018,0.6908,0.533,0.467,0.0,85
@CBS,The biggest names in entertainment are coming together once again for #StandUpToCancer this Friday at 8/7c on @CBS‚Ä¶ https://t.co/ntuGKLYvuW,Tue Sep 04 20:34:26 +0000 2018,0.4215,0.135,0.865,0.0,86
@CBS,RT @cbsallaccess: Stream #17 @WestVirginiaU vs. @UTKnoxville LIVE today at 3:30PM ET on CBS All Access! Try 1 month FREE using code BINGENO‚Ä¶,Sat Sep 01 15:25:34 +0000 2018,0.6514,0.171,0.829,0.0,87
@CBS,"In just one week, @RWitherspoon, @McConaughey, Jennifer Garner, and more will attend the #‚ÄãStandUpToCancer fundrais‚Ä¶ https://t.co/iHKGOoWejA",Fri Aug 31 21:26:49 +0000 2018,0.0,0.0,1.0,0.0,88
@CBS,"Believe in miracles. Watch this sneak peek of the complete premiere episode of @GodFriendedMe now, a month before i‚Ä¶ https://t.co/5AIUH5VmMk",Fri Aug 31 18:01:01 +0000 2018,0.0,0.0,1.0,0.0,89
@CBS,"RT @cbsallaccess: Money. Murder. Mystery. #OneDollar is now streaming, exclusively on CBS All Access. https://t.co/3qFdTEmVU5 https://t.co/‚Ä¶",Thu Aug 30 19:45:51 +0000 2018,-0.6908,0.0,0.761,0.239,90
@CBS,RT @GodFriendedMe: It's a godsend! We're dropping the #GodFriendedMe pilot tomorrow right here on Twitter for you to stream a full month be‚Ä¶,Thu Aug 30 15:32:47 +0000 2018,0.6239,0.17,0.83,0.0,91
@CBS,"It's almost time for sweater weather, pumpkin spice lattes, and CBS Fall TV premieres. Check out the storylines for‚Ä¶ https://t.co/BpgDyYl8fc",Mon Aug 27 23:36:57 +0000 2018,0.0,0.0,1.0,0.0,92
@CBS,RT @cbsallaccess: #NFL preseason coverage is here! üèà The Detroit @Lions battle the Tampa Bay @Buccaneers tonight at 8PM ET. Stream the game‚Ä¶,Fri Aug 24 20:30:16 +0000 2018,-0.4389,0.0,0.888,0.112,93
@CBS,"@bigbangtheory üé∂...happy kitty, sleepy kitty, purr purr purrüé∂ #TheBigBangTheory https://t.co/sEObppGJlZ",Wed Aug 22 20:55:25 +0000 2018,0.0,0.0,1.0,0.0,94
@CBS,"This is going to require multiple singings of ""Soft Kitty."" https://t.co/UdRGNeQ7Lb",Wed Aug 22 20:10:12 +0000 2018,0.0,0.0,1.0,0.0,95
@CBS,Got to get more of the @PaulMcCartney #CarpoolKaraoke into your life? @latelateshow produced an hour-long bonus spe‚Ä¶ https://t.co/DjPqajo6Xn,Mon Aug 20 21:59:56 +0000 2018,0.5423,0.171,0.829,0.0,96
@CBS,"How much does it cost to bury the truth? 
#OneDollar premieres August 30, exclusively on CBS All Access. https://t.co/ZL5TBH9ro5",Fri Aug 17 17:42:02 +0000 2018,0.3182,0.113,0.887,0.0,97
@CBS,Things got carried away when @ArianaGrande joined @latelateshow for #CarpoolKaraoke. So did Ariana. #ArianaCarpool https://t.co/WSZcC0TaYz,Thu Aug 16 18:40:09 +0000 2018,0.0,0.0,1.0,0.0,98
@CBS,RT @cbsallaccess: Murder mystery set in a small town? We're in. Rediscover the genius of original #TwinPeaks co-creators @DAVID_LYNCH and @‚Ä¶,Thu Aug 16 00:09:03 +0000 2018,-0.5267,0.092,0.72,0.188,99
@CBS,New start times for @60Minutes 7:20ET/6:20CT @CBSBigBrother 8:20ET/7:20CT @NCISLA 9:20ET/8:20CT @Elementary_CBS 10:‚Ä¶ https://t.co/Op9VcDsREa,Sun Aug 12 23:30:02 +0000 2018,0.0,0.0,1.0,0.0,100
@CNN,"RT @CNNSitRoom: ""There are witnesses who can corroborate, and possibly substantiate, those kinds of allegations, that still have not been i‚Ä¶",Wed Oct 03 22:40:29 +0000 2018,0.0,0.0,1.0,0.0,1
@CNN,A subject believed to be connected to suspicious letters sent to President Donald Trump and top Pentagon officials‚Ä¶ https://t.co/xyKuoeSoWs,Wed Oct 03 22:35:13 +0000 2018,-0.1779,0.089,0.788,0.123,2
@CNN,Actress Molly Ringwald will be on Full Circle to talk about reevaluating ‚ÄòSixteen Candles‚Äô and her other iconic '80‚Ä¶ https://t.co/7JmQ4DFMBn,Wed Oct 03 22:33:33 +0000 2018,0.0,0.0,1.0,0.0,3
@CNN,Education Secretary Betsy DeVos' security detail is estimated to cost $1 million more in 2019‚Ä¶ https://t.co/E04SMC4WJt,Wed Oct 03 22:31:04 +0000 2018,0.34,0.138,0.862,0.0,4
@CNN,Trump fine-tunes his campaign attack on the #MeToo movement | Analysis by CNN's Z. Byron Wolf‚Ä¶ https://t.co/Xo5aW3ldD5,Wed Oct 03 22:21:03 +0000 2018,-0.4767,0.0,0.829,0.171,5
@CNN,"BREAKING: Five law enforcement officers have been shot in Florence County, South Carolina, sheriff's deputy says. A‚Ä¶ https://t.co/3blbXIPQTg",Wed Oct 03 22:17:30 +0000 2018,0.0,0.0,1.0,0.0,6
@CNN,Melania Trump spent her second day in Ghana touring a former slave outpost and learning about some of the country's‚Ä¶ https://t.co/ux9MJuEoHq,Wed Oct 03 22:01:08 +0000 2018,0.0,0.0,1.0,0.0,7
@CNN,Barnes &amp; Noble stock jumped more than 20% after the board said it would consider a sale of the troubled company‚Ä¶ https://t.co/woKsQ5axkK,Wed Oct 03 21:59:34 +0000 2018,0.0,0.12,0.76,0.12,8
@CNN,"RT @CNNSitRoom: ""The reason why President Trump's comments were so disgraceful, is because he was mocking a survivor, and it wasn't just ab‚Ä¶",Wed Oct 03 21:55:18 +0000 2018,-0.0516,0.099,0.794,0.107,9
@CNN,GOP Sen. Lindsey Graham said at an event that he didn't like President Trump's mockery of Christine Blasey Ford at‚Ä¶ https://t.co/FtWDFQSSJc,Wed Oct 03 21:51:42 +0000 2018,-0.5283,0.0,0.812,0.188,10
@CNN,"The mayor can never make right the blight on Tulsa that is its 1921 race massacre, but finding the victims almost a‚Ä¶ https://t.co/qdsSKspgZj",Wed Oct 03 21:41:05 +0000 2018,-0.4497,0.0,0.882,0.118,11
@CNN,"The ""Vice"" trailer features a nearly unrecognizable Christian Bale, an actor famous for his over-the-top transforma‚Ä¶ https://t.co/iDF8yEgV3B",Wed Oct 03 21:31:03 +0000 2018,0.0,0.0,1.0,0.0,12
@CNN,"Senate Finance Chairman Orrin Hatch said he would be ""happy"" to look into President Trump's tax returns in the wake‚Ä¶ https://t.co/txFAuoW9bJ",Wed Oct 03 21:26:05 +0000 2018,0.0,0.0,1.0,0.0,13
@CNN,"A surprise government inspection found nooses hanging in cells, misuse of solitary confinement and delayed medical‚Ä¶ https://t.co/1ha4f7W7jG",Wed Oct 03 21:21:05 +0000 2018,0.0516,0.117,0.778,0.106,14
@CNN,"RT @TheLeadCNN: Donald Trump's hair is ""a living breathing creation,"" argues cartoonist Garry Trudeau, who's been satirizing the President‚Ä¶",Wed Oct 03 21:16:27 +0000 2018,-0.3818,0.0,0.874,0.126,15
@CNN,Progressive activists and other left-leaning outside groups are ramping up their efforts to convince a bipartisan b‚Ä¶ https://t.co/e4XtGKghr7,Wed Oct 03 21:14:30 +0000 2018,0.25,0.111,0.889,0.0,16
@CNN,"""It wasn't until I read -- and reread -- Ford's account that I gained some sort of clarity. I felt in my bones that‚Ä¶ https://t.co/JHlsFG8W5R",Wed Oct 03 21:11:05 +0000 2018,0.6133,0.2,0.8,0.0,17
@CNN,"NYC to Boston in 36 minutes? Transcend Air has plans for a jet-fast plane that takes off and lands vertically, allo‚Ä¶ https://t.co/cb09NieKtB",Wed Oct 03 21:09:05 +0000 2018,0.0,0.0,1.0,0.0,18
@CNN,A CBS executive has been placed on leave after multiple individuals spoke to CNN accusing the senior vice president‚Ä¶ https://t.co/AKqhfweJwE,Wed Oct 03 21:01:02 +0000 2018,-0.2263,0.0,0.854,0.146,19
@CNN,Why Susan Collins is in a very unfamiliar place on the Kavanaugh vote | Analysis by @CillizzaCNN‚Ä¶ https://t.co/UinXdNmJpk,Wed Oct 03 20:51:01 +0000 2018,0.0,0.0,1.0,0.0,20
@CNN,"RT @CNNSitRoom: ""There are witnesses who can corroborate, and possibly substantiate, those kinds of allegations, that still have not been i‚Ä¶",Wed Oct 03 22:40:29 +0000 2018,0.0,0.0,1.0,0.0,21
@CNN,A subject believed to be connected to suspicious letters sent to President Donald Trump and top Pentagon officials‚Ä¶ https://t.co/xyKuoeSoWs,Wed Oct 03 22:35:13 +0000 2018,-0.1779,0.089,0.788,0.123,22
@CNN,Actress Molly Ringwald will be on Full Circle to talk about reevaluating ‚ÄòSixteen Candles‚Äô and her other iconic '80‚Ä¶ https://t.co/7JmQ4DFMBn,Wed Oct 03 22:33:33 +0000 2018,0.0,0.0,1.0,0.0,23
@CNN,Education Secretary Betsy DeVos' security detail is estimated to cost $1 million more in 2019‚Ä¶ https://t.co/E04SMC4WJt,Wed Oct 03 22:31:04 +0000 2018,0.34,0.138,0.862,0.0,24
@CNN,Trump fine-tunes his campaign attack on the #MeToo movement | Analysis by CNN's Z. Byron Wolf‚Ä¶ https://t.co/Xo5aW3ldD5,Wed Oct 03 22:21:03 +0000 2018,-0.4767,0.0,0.829,0.171,25
@CNN,"BREAKING: Five law enforcement officers have been shot in Florence County, South Carolina, sheriff's deputy says. A‚Ä¶ https://t.co/3blbXIPQTg",Wed Oct 03 22:17:30 +0000 2018,0.0,0.0,1.0,0.0,26
@CNN,Melania Trump spent her second day in Ghana touring a former slave outpost and learning about some of the country's‚Ä¶ https://t.co/ux9MJuEoHq,Wed Oct 03 22:01:08 +0000 2018,0.0,0.0,1.0,0.0,27
@CNN,Barnes &amp; Noble stock jumped more than 20% after the board said it would consider a sale of the troubled company‚Ä¶ https://t.co/woKsQ5axkK,Wed Oct 03 21:59:34 +0000 2018,0.0,0.12,0.76,0.12,28
@CNN,"RT @CNNSitRoom: ""The reason why President Trump's comments were so disgraceful, is because he was mocking a survivor, and it wasn't just ab‚Ä¶",Wed Oct 03 21:55:18 +0000 2018,-0.0516,0.099,0.794,0.107,29
@CNN,GOP Sen. Lindsey Graham said at an event that he didn't like President Trump's mockery of Christine Blasey Ford at‚Ä¶ https://t.co/FtWDFQSSJc,Wed Oct 03 21:51:42 +0000 2018,-0.5283,0.0,0.812,0.188,30
@CNN,"The mayor can never make right the blight on Tulsa that is its 1921 race massacre, but finding the victims almost a‚Ä¶ https://t.co/qdsSKspgZj",Wed Oct 03 21:41:05 +0000 2018,-0.4497,0.0,0.882,0.118,31
@CNN,"The ""Vice"" trailer features a nearly unrecognizable Christian Bale, an actor famous for his over-the-top transforma‚Ä¶ https://t.co/iDF8yEgV3B",Wed Oct 03 21:31:03 +0000 2018,0.0,0.0,1.0,0.0,32
@CNN,"Senate Finance Chairman Orrin Hatch said he would be ""happy"" to look into President Trump's tax returns in the wake‚Ä¶ https://t.co/txFAuoW9bJ",Wed Oct 03 21:26:05 +0000 2018,0.0,0.0,1.0,0.0,33
@CNN,"A surprise government inspection found nooses hanging in cells, misuse of solitary confinement and delayed medical‚Ä¶ https://t.co/1ha4f7W7jG",Wed Oct 03 21:21:05 +0000 2018,0.0516,0.117,0.778,0.106,34
@CNN,"RT @TheLeadCNN: Donald Trump's hair is ""a living breathing creation,"" argues cartoonist Garry Trudeau, who's been satirizing the President‚Ä¶",Wed Oct 03 21:16:27 +0000 2018,-0.3818,0.0,0.874,0.126,35
@CNN,Progressive activists and other left-leaning outside groups are ramping up their efforts to convince a bipartisan b‚Ä¶ https://t.co/e4XtGKghr7,Wed Oct 03 21:14:30 +0000 2018,0.25,0.111,0.889,0.0,36
@CNN,"""It wasn't until I read -- and reread -- Ford's account that I gained some sort of clarity. I felt in my bones that‚Ä¶ https://t.co/JHlsFG8W5R",Wed Oct 03 21:11:05 +0000 2018,0.6133,0.2,0.8,0.0,37
@CNN,"NYC to Boston in 36 minutes? Transcend Air has plans for a jet-fast plane that takes off and lands vertically, allo‚Ä¶ https://t.co/cb09NieKtB",Wed Oct 03 21:09:05 +0000 2018,0.0,0.0,1.0,0.0,38
@CNN,A CBS executive has been placed on leave after multiple individuals spoke to CNN accusing the senior vice president‚Ä¶ https://t.co/AKqhfweJwE,Wed Oct 03 21:01:02 +0000 2018,-0.2263,0.0,0.854,0.146,39
@CNN,Why Susan Collins is in a very unfamiliar place on the Kavanaugh vote | Analysis by @CillizzaCNN‚Ä¶ https://t.co/UinXdNmJpk,Wed Oct 03 20:51:01 +0000 2018,0.0,0.0,1.0,0.0,40
@CNN,"RT @CNNPolitics: Democratic Sen. Kamala Harris says she is ""embarrassed"" President Trump mocked Brett Kavanaugh's accuser Christine Blasey‚Ä¶",Wed Oct 03 20:46:43 +0000 2018,-0.3182,0.0,0.881,0.119,41
@CNN,RT @cnnbrk: The Senate passes legislation to combat the opioid epidemic by a vote of 98-1. The bill now heads to the White House for Presid‚Ä¶,Wed Oct 03 20:46:27 +0000 2018,-0.34,0.0,0.909,0.091,42
@CNN,A Texas hospital has declared 9-year-old Payton Summons brain-dead. Her family has argued that she still has life.‚Ä¶ https://t.co/JTGXWll5Qw,Wed Oct 03 20:41:08 +0000 2018,-0.3612,0.0,0.872,0.128,43
@CNN,"Fashion has a water consumption problem. But bacterial dye -- yes, bacterial -- could help change that:‚Ä¶ https://t.co/Jv26NbfZ7I",Wed Oct 03 20:36:00 +0000 2018,0.7391,0.309,0.61,0.081,44
@CNN,"White House press secretary Sarah Sanders says President Trump was simply ""stating the facts"" in comments seen as m‚Ä¶ https://t.co/WGSj0t3uIW",Wed Oct 03 20:31:00 +0000 2018,0.0,0.0,1.0,0.0,45
@CNN,"The Senate passed legislation intended to combat the opioid epidemic, in a rare moment of unity between Republican‚Ä¶ https://t.co/x4Lke3jRab",Wed Oct 03 20:29:56 +0000 2018,-0.34,0.0,0.876,0.124,46
@CNN,"RT @TheLeadCNN: ""There appears to be no bottom"": @jaketapper gives his take on President Trump's mocking of Christine Blasey Ford at a rall‚Ä¶",Wed Oct 03 20:25:39 +0000 2018,-0.5994,0.0,0.803,0.197,47
@CNN,Typhoon Kong-rey will be the ninth tropical system of the season to impact Japan this year https://t.co/BjtARp5OtI,Wed Oct 03 20:21:06 +0000 2018,0.0,0.0,1.0,0.0,48
@CNN,"Take a rare tour underneath and inside San Francisco's Golden Gate Bridge where about 200 iron workers, engineers,‚Ä¶ https://t.co/mnonusjeEs",Wed Oct 03 20:16:00 +0000 2018,0.0,0.0,1.0,0.0,49
@CNN,"President Trump says it's a ""scary time for young men in America."" Here are the stats on false sexual assault claim‚Ä¶ https://t.co/VkaRfk0Vup",Wed Oct 03 20:11:04 +0000 2018,-0.7906,0.0,0.731,0.269,50
@CNN,President Trump's victim-mocking should haunt the GOP | By Tara Setmayer via @CNNOpinion https://t.co/KgdslMo6RM https://t.co/1lwqnIbekv,Wed Oct 03 20:01:03 +0000 2018,-0.4019,0.0,0.828,0.172,51
@CNN,Are standing desks really good for you? Proponents claim that eliminating sitting from your work life can make you‚Ä¶ https://t.co/aQc7UNJaST,Wed Oct 03 19:58:25 +0000 2018,0.4927,0.144,0.856,0.0,52
@CNN,"North Korean hackers tried to steal over $1 billion in ""particularly aggressive"" attacks on global banks, according‚Ä¶ https://t.co/Itctk9sZCp",Wed Oct 03 19:50:04 +0000 2018,-0.8059,0.0,0.645,0.355,53
@CNN,No airport necessary? This new airline wants to eliminate the most frustrating parts of air travel and get passenge‚Ä¶ https://t.co/UP2HOVcQQn,Wed Oct 03 19:40:11 +0000 2018,-0.659,0.0,0.769,0.231,54
@CNN,"RT @CNNnewsroom: ""Brett Kavanaugh is being tried in the court of public opinion right now,"" argues CNN political contributor @mattklewis ht‚Ä¶",Wed Oct 03 19:30:22 +0000 2018,-0.3818,0.0,0.885,0.115,55
@CNN,An FBI bomb technician was wounded by a booby-trapped wheelchair on an Oregon property that was littered with trip‚Ä¶ https://t.co/BtG50Ok3im,Wed Oct 03 19:30:10 +0000 2018,-0.4939,0.0,0.849,0.151,56
@CNN,"RT @CNNnewsroom: .@ananavarro on President Trump's Mississippi rally comments in which he mocked Christine Blasey Ford: ""When you think he‚Ä¶",Wed Oct 03 19:30:10 +0000 2018,-0.3182,0.0,0.892,0.108,57
@CNN,"The FBI investigation expands, but Brett Kavanaugh and Christine Blasey Ford have not yet been interviewed‚Ä¶ https://t.co/T6Zjn5vBV4",Wed Oct 03 19:25:08 +0000 2018,0.0516,0.07,0.93,0.0,58
@CNN,"With filming for the fifth ""Rambo"" film currently underway, Sylvester Stallone has unveiled the first images of Joh‚Ä¶ https://t.co/aBqnwPTtph",Wed Oct 03 19:20:05 +0000 2018,0.0,0.0,1.0,0.0,59
@CNN,The 42 most outrageous lines from Donald Trump's Mississippi campaign rally | Analysis by @CillizzaCNN‚Ä¶ https://t.co/gGj2oziX9b,Wed Oct 03 19:10:07 +0000 2018,-0.5095,0.0,0.81,0.19,60
@CNN,"After a 29-year-old man died from an infection with what's commonly known as brain-eating amoeba, health officials‚Ä¶ https://t.co/py2vWbizHZ",Wed Oct 03 19:00:12 +0000 2018,-0.5574,0.0,0.816,0.184,61
@CNN,"Astronomers say they may have made the first discovery of an exomoon, a moon outside our solar system‚Ä¶ https://t.co/zbYf1UZwim",Wed Oct 03 18:50:09 +0000 2018,0.0,0.0,1.0,0.0,62
@CNN,Harvard University placed its head diving coach on leave late Tuesday after allegations of sexual misconduct agains‚Ä¶ https://t.co/Nmskkd4fqu,Wed Oct 03 18:40:10 +0000 2018,0.0258,0.07,0.865,0.065,63
@CNN,"RT @CNNnewsroom: ""By any means necessary it appears at this point, Wolf, facts be damned,"" says @Acosta of White House press briefing in wh‚Ä¶",Wed Oct 03 18:31:51 +0000 2018,0.0,0.0,1.0,0.0,64
@CNN,"If you have a cell phone, it probably buzzed and beeped loudly this afternoon around 2:18 p.m. ET.

It's the first‚Ä¶ https://t.co/mZFl2kCPUE",Wed Oct 03 18:30:43 +0000 2018,0.0,0.0,1.0,0.0,65
@CNN,A friend of Christine Blasey Ford is speaking out publicly for the first time to deny an allegation that Ford lied‚Ä¶ https://t.co/C9le9F4Wra,Wed Oct 03 18:30:09 +0000 2018,0.2023,0.13,0.772,0.098,66
@CNN,"RT @cnnbrk: US officials just ran a big test of an emergency system that uses your cell phone. We have the FAQs (and no, President Trump di‚Ä¶",Wed Oct 03 18:27:11 +0000 2018,-0.5859,0.0,0.833,0.167,67
@CNN,Residents in this Kentucky city are hanging dozens of bed sheet banners to support survivors of sexual assault‚Ä¶ https://t.co/Xx3WDRDQCm,Wed Oct 03 18:20:07 +0000 2018,0.4019,0.13,0.87,0.0,68
@CNN,High blood pressure. Anxiety. Depression. Insomnia. These are just a few of the possible long-term health consequen‚Ä¶ https://t.co/1D7EYzTR0x,Wed Oct 03 18:10:03 +0000 2018,-0.765,0.0,0.648,0.352,69
@CNN,More than 250 people around the world have died taking selfies since 2011 https://t.co/09JyMfJIqo,Wed Oct 03 18:00:03 +0000 2018,-0.5574,0.0,0.783,0.217,70
@CNN,President Trump was ‚Äústating facts‚Äù when mocking Christine Blasey Ford at a campaign rally last night in Mississipp‚Ä¶ https://t.co/TWyC4x2oKg,Wed Oct 03 17:50:07 +0000 2018,-0.4019,0.0,0.863,0.137,71
@CNN,"Eggs from Gravel Ridge Farms in Cullman, Alabama, have been linked to 38 cases of salmonella in seven states, the U‚Ä¶ https://t.co/H2AF5EfGGY",Wed Oct 03 17:31:06 +0000 2018,-0.128,0.0,0.933,0.067,72
@CNN,White House press secretary Sarah Sanders is taking reporters' questions a day after President Trump mocked Christi‚Ä¶ https://t.co/pg1xRwV15F,Wed Oct 03 17:30:47 +0000 2018,-0.3182,0.0,0.874,0.126,73
@CNN,Harvard University has placed its head diving coach on leave after allegations of sexual misconduct against him wer‚Ä¶ https://t.co/Swbz1cv9mP,Wed Oct 03 17:24:53 +0000 2018,0.0258,0.067,0.872,0.062,74
@CNN,"The White House is now holding a press briefing, the first in nearly a month.

Watch live: https://t.co/UYpqI3w42L¬†‚Ä¶ https://t.co/HZzOaLSIlO",Wed Oct 03 17:12:44 +0000 2018,0.0,0.0,1.0,0.0,75
@CNN,New Zealand firm Perpetual Guardian has tested a four-day work week while still paying employees for the five. The‚Ä¶ https://t.co/3VXS2NBHts,Wed Oct 03 17:00:01 +0000 2018,0.0,0.0,1.0,0.0,76
@CNN,"Four men, described as ""serial rioters,"" have been charged in last year's deadly Charlottesville rally‚Ä¶ https://t.co/736seYxVFz",Wed Oct 03 16:54:27 +0000 2018,-0.2023,0.0,0.893,0.107,77
@CNN,"Oaktree Capital co-chairman @howardmarksbook joins @RichardQuest on @CNNMoney's ""Markets Now"" today to discuss how‚Ä¶ https://t.co/3X6FRGJGts",Wed Oct 03 16:42:08 +0000 2018,0.0,0.0,1.0,0.0,78
@CNN,Prince Harry and Meghan are the Duke and Duchess of Sussex -- and today they're making their first official visit t‚Ä¶ https://t.co/XKzm28a7fm,Wed Oct 03 16:35:57 +0000 2018,0.0,0.0,1.0,0.0,79
@CNN,President Trump's mockery of Christine Blasey Ford sparked an immediate backlash among two critical Republican swin‚Ä¶ https://t.co/F22fLKrqdT,Wed Oct 03 16:30:12 +0000 2018,-0.5574,0.0,0.765,0.235,80
@CNN,"Travelers arriving in New Zealand could now face a fine of up to $3,200 (5,000 NZD) if they refuse to allow border‚Ä¶ https://t.co/M3EGT9xnje",Wed Oct 03 16:21:49 +0000 2018,0.128,0.149,0.763,0.088,81
@CNN,"Toys ""R"" Us may be coming back.

The company closed all of its US stores in June as part of a bankruptcy liquidatio‚Ä¶ https://t.co/Vx94UpcWQS",Wed Oct 03 16:00:07 +0000 2018,0.0,0.0,1.0,0.0,82
@CNN,The Emerald Bay Maritime Heritage Trail just opened to scuba divers and snorkelers who want to see sunken historic‚Ä¶ https://t.co/RPbz21kEbV,Wed Oct 03 16:00:05 +0000 2018,0.0772,0.064,0.936,0.0,83
@CNN,"Eating processed meats like bacon, sausages and ham could increase the risk of breast cancer, a study shows.

Regul‚Ä¶ https://t.co/ZKBZGmQr3L",Wed Oct 03 15:43:03 +0000 2018,-0.4019,0.183,0.57,0.247,84
@CNN,Soccer star Cristiano Ronaldo tweets a denial of rape allegations in an American woman's lawsuit and says he awaits‚Ä¶ https://t.co/iBm7JsLiaG,Wed Oct 03 15:25:24 +0000 2018,-0.765,0.0,0.72,0.28,85
@CNN,The FBI is expanding its inquiry into sexual assault allegations against Supreme Court nominee Brett Kavanaugh beyo‚Ä¶ https://t.co/hXCeXI6d5K,Wed Oct 03 15:10:04 +0000 2018,-0.0516,0.154,0.684,0.162,86
@CNN,"Have a cellphone? Expect it to buzz and beep loudly this afternoon around 2:18 p.m. EDT with a ""Presidential Alert""‚Ä¶ https://t.co/JGrEiNXlwC",Wed Oct 03 15:00:08 +0000 2018,0.0,0.0,1.0,0.0,87
@CNN,"RT @cnni: If you want to find out more about period poverty in Tanzania, you can see our Instagram Story: https://t.co/MveolpTbI4

Read mor‚Ä¶",Wed Oct 03 14:53:03 +0000 2018,-0.5046,0.05,0.812,0.138,88
@CNN,"For many people, Trump is the living embodiment of the American dream. That's why a NYT report detailing a series o‚Ä¶ https://t.co/0syazlQy0S",Wed Oct 03 14:50:04 +0000 2018,0.25,0.095,0.905,0.0,89
@CNN,She could be America‚Äôs first black female governor. Stacey Abrams admits she is not like what has come before her i‚Ä¶ https://t.co/qOaIRCyhUM,Wed Oct 03 14:40:00 +0000 2018,0.0232,0.09,0.823,0.087,90
@CNN,Prince Harry and Meghan are the Duke and Duchess of Sussex -- and today they're making their first official visit t‚Ä¶ https://t.co/xcjqoEzW3w,Wed Oct 03 14:30:08 +0000 2018,0.0,0.0,1.0,0.0,91
@CNN,RT @CNNMoney: The markets are soaring. How should investors play it? Howard Marks of Oaktree Capital thinks they should proceed with cautio‚Ä¶,Wed Oct 03 14:29:13 +0000 2018,0.34,0.103,0.897,0.0,92
@CNN,Brazilian surfer Maya Gabeira just set a new Guinness World Record for the largest wave ever surfed by a woman‚Ä¶ https://t.co/yc9TrptAl1,Wed Oct 03 14:21:00 +0000 2018,0.0,0.0,1.0,0.0,93
@CNN,"Grammy Award-winning audio engineer Geoff Emerick, who worked on several of the Beatles' most important albums, die‚Ä¶ https://t.co/09GtDVQgpo",Wed Oct 03 14:20:10 +0000 2018,0.2716,0.11,0.89,0.0,94
@CNN,"RT @CNNPolitics: Sen. Susan Collins, a key GOP swing vote, on President Trump mocking Kavanuagh accuser Christine Blasey Ford: ""The Preside‚Ä¶",Wed Oct 03 14:12:48 +0000 2018,-0.4019,0.0,0.876,0.124,95
@CNN,President Trump's mockery of Christine Blasey Ford sparked an immediate backlash among two critical Republican swin‚Ä¶ https://t.co/soBHyej149,Wed Oct 03 14:10:05 +0000 2018,-0.5574,0.0,0.765,0.235,96
@CNN,"Apple is finally getting a llama emoji. And a raccoon, bagel, frisbee and mosquito, too.
The company says it will l‚Ä¶ https://t.co/pGrSLSPYQP",Wed Oct 03 14:03:08 +0000 2018,0.0,0.0,1.0,0.0,97
@CNN,"Take a rare tour underneath and inside San Francisco's Golden Gate Bridge where about 200 iron workers, engineers,‚Ä¶ https://t.co/lFXgEpi4jA",Wed Oct 03 13:50:02 +0000 2018,0.0,0.0,1.0,0.0,98
@CNN,"""Brett Kavanaugh's chances of being confirmed are lower today than they were yesterday as a result of President Tru‚Ä¶ https://t.co/5CJlUSTKWh",Wed Oct 03 13:40:00 +0000 2018,-0.1027,0.086,0.81,0.105,99
@CNN,Are standing desks really good for you? Proponents claim that eliminating sitting from your work life can make you‚Ä¶ https://t.co/GzjBbWgr3G,Wed Oct 03 13:30:00 +0000 2018,0.4927,0.144,0.856,0.0,100
@Fox,"RT @fox: üö® @calibreapp is hiring (remote). @benschwarz is one of the most passionate people, deeply caring about building a sustainable, in‚Ä¶",Thu Sep 27 22:42:30 +0000 2018,0.8012,0.255,0.745,0.0,1
@Fox,"If you‚Äôre interested in building a more welcoming Web, web performance, user experience, contributing in many areas‚Ä¶ https://t.co/DEjPCYO61S",Wed Sep 26 00:47:03 +0000 2018,0.7089,0.282,0.718,0.0,2
@Fox,"üö® @calibreapp is hiring (remote). @benschwarz is one of the most passionate people, deeply caring about building a‚Ä¶ https://t.co/TvvTzTKtJz",Wed Sep 26 00:44:28 +0000 2018,0.8012,0.274,0.726,0.0,3
@Fox,"RT @lehudgins: ""I don't believe in equal opportunity offense because there isn't equal opportunity."" -@harikondabolu

#xoxofest2018",Mon Sep 10 15:57:26 +0000 2018,0.2023,0.149,0.745,0.106,4
@Fox,RT @GermanCityGirl: ‚ÄúThere‚Äôs no goddamned thought police or so many white men would be arrested by now.‚Äù - @harikondabolu #XOXOFest #xoxo,Mon Sep 10 15:57:15 +0000 2018,-0.7964,0.0,0.677,0.323,5
@Fox,RT @jina: I'm tired of people saying that CSS is a useless skill to have. I built up my whole career around it and I'm proud of the work I'‚Ä¶,Sun Sep 09 23:03:46 +0000 2018,-0.3818,0.092,0.74,0.169,6
@Fox,RT @femfreq: Great advice from @ContraPoints üòÇüòâ #XOXOFest #xoxo https://t.co/JxCOcxLNQ7,Sat Sep 08 23:41:17 +0000 2018,0.6249,0.313,0.687,0.0,7
@Fox,"After so many years, I‚Äôm finally here, ready to undeniably be blown away. üíô @andymcmillan and @waxpancake for bring‚Ä¶ https://t.co/j0vihTKMTN",Fri Sep 07 02:23:15 +0000 2018,0.3612,0.111,0.889,0.0,8
@Fox,@jennschiffer hi Jenn look right,Fri Sep 07 01:57:50 +0000 2018,0.0,0.0,1.0,0.0,9
@Fox,"@ohhoe @alicegoldfuss pok pok, bollywood theather, woodsman tavern, harlow, good coffee, coava coffee, stumptown, s‚Ä¶ https://t.co/aHWKgPpSTR",Wed Sep 05 21:35:33 +0000 2018,0.4404,0.162,0.838,0.0,10
@Fox,@paulozoom the only suitable plan seems to be ice cream?,Wed Sep 05 21:32:37 +0000 2018,0.0,0.0,1.0,0.0,11
@Fox,@alicegoldfuss @ohhoe here to provide recommendations if anyone needs some! especially in SE ‚úåüèª,Wed Sep 05 21:29:31 +0000 2018,0.5411,0.17,0.83,0.0,12
@Fox,@paulozoom I see you creepin‚Äô in the SE üëãüèª,Wed Sep 05 21:28:35 +0000 2018,0.4939,0.225,0.775,0.0,13
@Fox,@mrmrs_ I got u https://t.co/rWaFh4GOaW,Wed Sep 05 15:42:48 +0000 2018,0.0,0.0,1.0,0.0,14
@Fox,@amelielamont üôãüèª,Tue Sep 04 17:44:58 +0000 2018,0.4939,0.348,0.652,0.0,15
@Fox,"@justkelly_ok omg, see you there!",Mon Sep 03 23:11:00 +0000 2018,0.0,0.0,1.0,0.0,16
@Fox,"I can‚Äôt even begin to grasp how many amazing people are going to be at @xoxo later this week. So excited!

Say hi, don‚Äôt be a stranger! üëãüèªüíñ",Mon Sep 03 22:37:42 +0000 2018,0.8176,0.238,0.762,0.0,17
@Fox,"RT @css: A new Chrome feature dubbed ""Blink LazyLoad"" is designed to dramatically improve performance by deferring the load of below-the-fo‚Ä¶",Thu Aug 30 00:10:58 +0000 2018,0.296,0.128,0.796,0.075,18
@Fox,"I‚Äôm so happy I work at a company that deeply cares about, tracks, stays humble and makes no excuses for pitfalls in‚Ä¶ https://t.co/IgZJlMkP07",Fri Aug 24 00:29:24 +0000 2018,0.7258,0.265,0.655,0.08,19
@Fox,"RT @fox: üëãüèªI‚Äôm selling a bit of Apple gear in excellent condition, Melbourne only. Retweets welcome. Reply or email if you‚Äôre interested.‚Ä¶",Wed Aug 22 03:39:28 +0000 2018,0.7717,0.261,0.739,0.0,20
@Fox,"RT @fox: üö® @calibreapp is hiring (remote). @benschwarz is one of the most passionate people, deeply caring about building a sustainable, in‚Ä¶",Thu Sep 27 22:42:30 +0000 2018,0.8012,0.255,0.745,0.0,21
@Fox,"If you‚Äôre interested in building a more welcoming Web, web performance, user experience, contributing in many areas‚Ä¶ https://t.co/DEjPCYO61S",Wed Sep 26 00:47:03 +0000 2018,0.7089,0.282,0.718,0.0,22
@Fox,"üö® @calibreapp is hiring (remote). @benschwarz is one of the most passionate people, deeply caring about building a‚Ä¶ https://t.co/TvvTzTKtJz",Wed Sep 26 00:44:28 +0000 2018,0.8012,0.274,0.726,0.0,23
@Fox,"RT @lehudgins: ""I don't believe in equal opportunity offense because there isn't equal opportunity."" -@harikondabolu

#xoxofest2018",Mon Sep 10 15:57:26 +0000 2018,0.2023,0.149,0.745,0.106,24
@Fox,RT @GermanCityGirl: ‚ÄúThere‚Äôs no goddamned thought police or so many white men would be arrested by now.‚Äù - @harikondabolu #XOXOFest #xoxo,Mon Sep 10 15:57:15 +0000 2018,-0.7964,0.0,0.677,0.323,25
@Fox,RT @jina: I'm tired of people saying that CSS is a useless skill to have. I built up my whole career around it and I'm proud of the work I'‚Ä¶,Sun Sep 09 23:03:46 +0000 2018,-0.3818,0.092,0.74,0.169,26
@Fox,RT @femfreq: Great advice from @ContraPoints üòÇüòâ #XOXOFest #xoxo https://t.co/JxCOcxLNQ7,Sat Sep 08 23:41:17 +0000 2018,0.6249,0.313,0.687,0.0,27
@Fox,"After so many years, I‚Äôm finally here, ready to undeniably be blown away. üíô @andymcmillan and @waxpancake for bring‚Ä¶ https://t.co/j0vihTKMTN",Fri Sep 07 02:23:15 +0000 2018,0.3612,0.111,0.889,0.0,28
@Fox,@jennschiffer hi Jenn look right,Fri Sep 07 01:57:50 +0000 2018,0.0,0.0,1.0,0.0,29
@Fox,"@ohhoe @alicegoldfuss pok pok, bollywood theather, woodsman tavern, harlow, good coffee, coava coffee, stumptown, s‚Ä¶ https://t.co/aHWKgPpSTR",Wed Sep 05 21:35:33 +0000 2018,0.4404,0.162,0.838,0.0,30
@Fox,@paulozoom the only suitable plan seems to be ice cream?,Wed Sep 05 21:32:37 +0000 2018,0.0,0.0,1.0,0.0,31
@Fox,@alicegoldfuss @ohhoe here to provide recommendations if anyone needs some! especially in SE ‚úåüèª,Wed Sep 05 21:29:31 +0000 2018,0.5411,0.17,0.83,0.0,32
@Fox,@paulozoom I see you creepin‚Äô in the SE üëãüèª,Wed Sep 05 21:28:35 +0000 2018,0.4939,0.225,0.775,0.0,33
@Fox,@mrmrs_ I got u https://t.co/rWaFh4GOaW,Wed Sep 05 15:42:48 +0000 2018,0.0,0.0,1.0,0.0,34
@Fox,@amelielamont üôãüèª,Tue Sep 04 17:44:58 +0000 2018,0.4939,0.348,0.652,0.0,35
@Fox,"@justkelly_ok omg, see you there!",Mon Sep 03 23:11:00 +0000 2018,0.0,0.0,1.0,0.0,36
@Fox,"I can‚Äôt even begin to grasp how many amazing people are going to be at @xoxo later this week. So excited!

Say hi, don‚Äôt be a stranger! üëãüèªüíñ",Mon Sep 03 22:37:42 +0000 2018,0.8176,0.238,0.762,0.0,37
@Fox,"RT @css: A new Chrome feature dubbed ""Blink LazyLoad"" is designed to dramatically improve performance by deferring the load of below-the-fo‚Ä¶",Thu Aug 30 00:10:58 +0000 2018,0.296,0.128,0.796,0.075,38
@Fox,"I‚Äôm so happy I work at a company that deeply cares about, tracks, stays humble and makes no excuses for pitfalls in‚Ä¶ https://t.co/IgZJlMkP07",Fri Aug 24 00:29:24 +0000 2018,0.7258,0.265,0.655,0.08,39
@Fox,"RT @fox: üëãüèªI‚Äôm selling a bit of Apple gear in excellent condition, Melbourne only. Retweets welcome. Reply or email if you‚Äôre interested.‚Ä¶",Wed Aug 22 03:39:28 +0000 2018,0.7717,0.261,0.739,0.0,40
@Fox,"A friendly reminder that Guetzli, Google‚Äôs open source JPEG encoder, might be slower but can yield even up to 50% a‚Ä¶ https://t.co/FN26irQYi8",Tue Aug 21 23:51:22 +0000 2018,0.2732,0.095,0.905,0.0,41
@Fox,"Lazy loading content can be a very powerful performance strategy. Unfortunately, often it‚Äôs complicated to implemen‚Ä¶ https://t.co/ZHbSmxFB25",Mon Aug 20 23:03:43 +0000 2018,-0.204,0.147,0.619,0.233,42
@Fox,"üëãüèªI‚Äôm selling a bit of Apple gear in excellent condition, Melbourne only. Retweets welcome. Reply or email if you‚Äôr‚Ä¶ https://t.co/Kift5NHw9e",Mon Aug 20 00:00:09 +0000 2018,0.7717,0.283,0.717,0.0,43
@Fox,"@j2h @benschwarz I get off twitter and this is what happens? what is this bromance, Josh??? should I feel threatened? üòÇ",Thu Aug 09 04:56:06 +0000 2018,-0.264,0.128,0.674,0.198,44
@Fox,"We all need a bit of good news in those disturbing times‚Äîhere‚Äôs where @goodgoodgood delivers. 

https://t.co/T5qhMKd4aY",Wed Aug 08 02:12:41 +0000 2018,-0.1027,0.151,0.677,0.172,45
@Fox,"I travel a bit and carefully choose where I stay, eat and go (uh, the designer struggle). I üòç @sabrina‚Äôs‚Ä¶ https://t.co/f43vmBg3DW",Wed Aug 08 02:10:53 +0000 2018,0.5423,0.2,0.8,0.0,46
@Fox,I‚Äôve recently subscribed to @jkglei‚Äôs newsletter and never looked back. Love the focus on thoughtful technology and‚Ä¶ https://t.co/m28bMmSEBV,Wed Aug 08 02:08:41 +0000 2018,-0.1945,0.118,0.728,0.153,47
@Fox,"If customer success, culture, growth and product are your jam, I couldn‚Äôt recommend @helpscout‚Äôs newsletters more.‚Ä¶ https://t.co/8ji9mKMLeX",Wed Aug 08 02:07:07 +0000 2018,0.8316,0.404,0.596,0.0,48
@Fox,"I have been enjoying @intercom newsletters for product, marketing and startup tips. The quality has always been ama‚Ä¶ https://t.co/fA9fw1KXIt",Wed Aug 08 01:59:38 +0000 2018,0.5267,0.167,0.833,0.0,49
@Fox,"The Daily Good from @thegoodtrade covers conscious, sustainable fashion, wellbeing, beauty, food, lifestyle and tra‚Ä¶ https://t.co/qmAOyGcm9i",Wed Aug 08 01:57:04 +0000 2018,0.7717,0.324,0.676,0.0,50
@Fox,Friday is one of my favourite days because of @girlsnightinHQ. A perfect encapsulation of self-care and womanhood.‚Ä¶ https://t.co/HhI1mGfXe8,Wed Aug 08 01:54:45 +0000 2018,0.5719,0.188,0.812,0.0,51
@Fox,"I love @offscreenmag Dispatch. Great productivity tools, services and design objects all wrapped up in a lovely des‚Ä¶ https://t.co/lR8tsWKGNw",Wed Aug 08 01:50:21 +0000 2018,0.9201,0.464,0.536,0.0,52
@Fox,Here are my favourite newsletters (it‚Äôs now the primary way I discover content as I‚Äôve mostly ditched reading social media). ‚Üì,Wed Aug 08 01:48:16 +0000 2018,0.0,0.0,1.0,0.0,53
@Fox,RT @6Gems: Black women are paid 38% less than white men. I support equal pay‚Äîbecause #38PercentCounts. https://t.co/mXFOdcL8Q3,Tue Aug 07 23:32:22 +0000 2018,0.4019,0.153,0.847,0.0,54
@Fox,"If you‚Äôre up for a conference-grade talk about UX and groundbreaking performance strategies, come to see‚Ä¶ https://t.co/x2sghiw62F",Tue Aug 07 23:32:15 +0000 2018,0.0,0.0,1.0,0.0,55
@Fox,"RT @Calibreapp: Scheduler 2.0

Our longest standing feature request was to improve Calibre‚Äôs test scheduler. That‚Äôs exactly what we‚Äôve done‚Ä¶",Tue Aug 07 23:28:56 +0000 2018,0.4404,0.132,0.868,0.0,56
@Fox,"RT @fox: Hey #dddperth, here are the slides with all the references from my keynote about building a welcoming, ethical Web! Transcript com‚Ä¶",Tue Aug 07 23:06:06 +0000 2018,0.7574,0.245,0.755,0.0,57
@Fox,"@LNRBLB thank you, Eleanor! üéâ",Sat Aug 04 03:47:44 +0000 2018,0.6696,0.579,0.421,0.0,58
@Fox,@cckate thank you! üíñ,Sat Aug 04 03:27:03 +0000 2018,0.6114,0.625,0.375,0.0,59
@Fox,"Hey #dddperth, here are the slides with all the references from my keynote about building a welcoming, ethical Web!‚Ä¶ https://t.co/hPilGINzyI",Sat Aug 04 03:12:25 +0000 2018,0.7574,0.276,0.724,0.0,60
@Fox,"@Chisa omg, this is so great! thank you, Teresa! üòç",Sat Aug 04 03:05:32 +0000 2018,0.9119,0.537,0.463,0.0,61
@Fox,RT @andreabedini: I am extremely grateful to @fox for showing me today how technology became anti-human while we weren‚Äôt paying attention.‚Ä¶,Sat Aug 04 03:04:39 +0000 2018,0.5095,0.148,0.852,0.0,62
@Fox,"@andreabedini thank you, Andrea! I‚Äôm glad you‚Äôve found it useful!",Sat Aug 04 03:04:32 +0000 2018,0.8395,0.562,0.438,0.0,63
@Fox,"@evandotly thank you, Evan! üå∏",Sat Aug 04 03:03:40 +0000 2018,0.4199,0.358,0.642,0.0,64
@Fox,RT @msandfor: #dddperth We must build ethical thinking into the way we build software https://t.co/F4QKYOVT1p,Sat Aug 04 03:03:16 +0000 2018,0.5106,0.191,0.809,0.0,65
@Fox,RT @MichelePlayfair: Thread ‚òùÔ∏è‚òùÔ∏è 8 principles of ethics in tech from @fox at #DDDPerth üëè,Sat Aug 04 03:03:07 +0000 2018,0.0,0.0,1.0,0.0,66
@Fox,@samwilson yes :),Sat Aug 04 03:02:36 +0000 2018,0.6908,0.851,0.149,0.0,67
@Fox,"RT @Amys_Kapers: Until anyone can survive and thrive on the web, no matter their background, gender, ethnicity, etc, the web isn't a welcom‚Ä¶",Sat Aug 04 03:01:15 +0000 2018,-0.2732,0.047,0.858,0.094,68
@Fox,RT @MichelePlayfair: . @fox dropping the keynote truth bombs at #dddperth https://t.co/RKAgOSozMB,Sat Aug 04 03:00:55 +0000 2018,0.3182,0.187,0.813,0.0,69
@Fox,"RT @Mandy_Kerr: ‚ÄúDisruption isn‚Äôt a getaway free card to bypass laws, freedoms, moral compass, civil rights and human protections‚Äù - @fox #‚Ä¶",Sat Aug 04 03:00:48 +0000 2018,0.6705,0.234,0.766,0.0,70
@Fox,RT @Chisa: TOO much good stuff from @Fox @dddperth #dddperth https://t.co/XVI1DHGQdd,Sat Aug 04 02:43:00 +0000 2018,0.4404,0.225,0.775,0.0,71
@Fox,RT @kylietimpani: I cannot applaud or amplify @fox‚Äôs message enough: the web is at a crisis point. Tech is unethical. Exclusionary. A platf‚Ä¶,Sat Aug 04 02:42:39 +0000 2018,-0.8714,0.0,0.632,0.368,72
@Fox,RT @Caiwrote: @fox laying down some truths #DDDPerth https://t.co/o2eJNcU5UQ,Sat Aug 04 02:42:17 +0000 2018,0.4215,0.259,0.741,0.0,73
@Fox,"RT @Mandy_Kerr: ‚ÄúTechnology should be a mindful, quiet companion to our lives‚Äù - @fox #DDDPerth https://t.co/vB6wBAdqvr",Sat Aug 04 02:41:59 +0000 2018,0.0,0.0,1.0,0.0,74
@Fox,"RT @LJKenward: Opening #DDDPerth is the incredible @fox with Towards a welcoming Web.

The Pitfalls of Technology:

Move fast and break thi‚Ä¶",Sat Aug 04 02:41:51 +0000 2018,0.4404,0.127,0.873,0.0,75
@Fox,I forgot that Twitter is the epicentre of harassment and anxiety-inducing content. Back to sharing via Buffer and n‚Ä¶ https://t.co/jiBOURbIKk,Fri Aug 03 08:49:38 +0000 2018,-0.1779,0.12,0.73,0.15,76
@Fox,"RT @evan_greer: Sarah Jeong is a badass &amp; reverse racism is not a thing
 Sarah Jeong is a badass &amp; reverse racism is not a thing
 Sarah Jeo‚Ä¶",Fri Aug 03 08:20:43 +0000 2018,-0.6597,0.145,0.606,0.248,77
@Fox,"It‚Äôs a privilege to be opening #dddperth tomorrow morning! Come and find out how to build an ethical, welcoming Web‚Ä¶ https://t.co/eC1xTFZ3YR",Fri Aug 03 07:24:56 +0000 2018,0.8398,0.346,0.654,0.0,78
@Fox,RT @verge: A note from the editors of The Verge https://t.co/B3wF4dNukg https://t.co/fhgvH9WlkC,Fri Aug 03 07:21:15 +0000 2018,0.0,0.0,1.0,0.0,79
@Fox,"What are your favourite newsletters covering the following subjects: tech, design, front-end, culture, design objects, travel, well-being?",Thu Aug 02 04:10:03 +0000 2018,0.0,0.0,1.0,0.0,80
@Fox,"@soxyface Thank you, it was lovely meeting you! üíê",Wed Aug 01 22:42:57 +0000 2018,0.7644,0.485,0.515,0.0,81
@Fox,"@sentience Thank you! I really enjoyed yours too! 

I‚Äôm doing a 45-min version at @DDDPerth this weekend that has m‚Ä¶ https://t.co/Drn3ODuLx2",Wed Aug 01 21:37:21 +0000 2018,0.7702,0.282,0.718,0.0,82
@Fox,@soxyface @MsJonesInSydney here are the slides with all the references. üôáüèª‚Äç‚ôÄÔ∏è I will publish a transcript next week! https://t.co/EcSUpoi0Rw,Wed Aug 01 06:18:32 +0000 2018,0.0,0.0,1.0,0.0,83
@Fox,@marcosc thank you! üôáüèª‚Äç‚ôÄÔ∏è,Wed Aug 01 06:16:28 +0000 2018,0.4199,0.285,0.715,0.0,84
@Fox,"RT @MsJonesInSydney: The theme at #Code18 #CodeLeaders is strong! @fox is currently highlighting algorithmic bias, tech ethics and exclusio‚Ä¶",Wed Aug 01 06:13:13 +0000 2018,0.4926,0.163,0.773,0.064,85
@Fox,"@DivZero_ indeed, it‚Äôs all challenging and often depressing, but if we don‚Äôt take action it won‚Äôt get any better. i‚Ä¶ https://t.co/lldW02OHPv",Wed Aug 01 06:12:58 +0000 2018,0.5187,0.206,0.721,0.072,86
@Fox,"So refreshing to hear @johnallsopp reminding about inclusion, diversity and sharing knowledge around these subjects‚Ä¶ https://t.co/Ink4d4W7m5",Wed Aug 01 02:35:19 +0000 2018,0.4215,0.157,0.843,0.0,87
@Fox,"Well, @msjonesinsydney definitely knows how to drop the mic on horrifying diversity and inclusion stats. 

A fantas‚Ä¶ https://t.co/GeLolnfgEm",Wed Aug 01 02:32:40 +0000 2018,-0.25,0.203,0.551,0.246,88
@Fox,@benschwarz nooo pressure whatsoever,Wed Aug 01 02:18:01 +0000 2018,-0.296,0.0,0.577,0.423,89
@Fox,That moment when a white guy says ‚Äùthere aren‚Äôt many women developers‚Äù and you cross eyes with any other woman in t‚Ä¶ https://t.co/033oMUbEl8,Wed Aug 01 02:03:31 +0000 2018,0.0,0.0,1.0,0.0,90
@Fox,@Mandy_Kerr the winds have been gracious,Wed Aug 01 01:53:15 +0000 2018,0.5574,0.419,0.581,0.0,91
@Fox,@soxyface thank you! I‚Äôm hydrating ‚õ≤Ô∏è,Tue Jul 31 23:27:35 +0000 2018,0.4199,0.358,0.642,0.0,92
@Fox,"I‚Äôll be speaking at @webdirections Code Leaders today at 3.30pm (if I don‚Äôt lose my voice in the meantime üòÇü§ß).

Com‚Ä¶ https://t.co/oh0yLrEE0F",Tue Jul 31 22:58:07 +0000 2018,-0.4019,0.0,0.881,0.119,93
@Fox,One of the reasons I‚Äôm so excited to be a part of @helpscout is the commitment to building an inclusive culture wit‚Ä¶ https://t.co/6H6GDJ1TON,Thu Jul 19 22:21:10 +0000 2018,0.6924,0.222,0.778,0.0,94
@Fox,More Boston snaps. https://t.co/NCcWPSV8yX,Wed Jul 11 21:30:06 +0000 2018,0.0,0.0,1.0,0.0,95
@Fox,"RT @helpscout: Said it once, we'll keep saying it: we are thrilled to add you to the team @fox! ü¶ä https://t.co/bKc6GSq6tR",Mon Jul 09 23:35:49 +0000 2018,0.4926,0.132,0.868,0.0,96
@Fox,"@mattopsahl lol, offensive",Mon Jul 09 20:12:02 +0000 2018,-0.0516,0.412,0.147,0.441,97
@Fox,"@tompedals yay, hello, hi! üëãüèª",Mon Jul 09 19:43:29 +0000 2018,0.784,0.496,0.504,0.0,98
@Fox,"@madalynrose thanks, Madalyn. üíñ",Mon Jul 09 19:43:13 +0000 2018,0.6249,0.63,0.37,0.0,99
@Fox,"@andymcmillan weee, thank you!!",Mon Jul 09 19:43:04 +0000 2018,0.4738,0.507,0.493,0.0,100
